County,Municipality,Neighborhood,Population,White,WhiteRate,Black,BlackRate,Hispanic,HispanicRate,Over5,OtherThanEnglish,OtherThanEnglishRate,EnglishNotWell,EnglishNotWellRate,DI,Families,Poverty,PovertyRate,TractHH,Assistance,AssistanceRate,MedianIncome,Uninsured,UninsuredRate,Over25,HSGraduates,GraduationRate,VacantHousing,VacancyRate,AgeUnder5,AgeUnder5Rate,Age5to9,Age5to9Rate,Age10to14,Age10to14Rate,Age15to19,Age15to19Rate,Age20to24,Age20to24Rate,Age25to29,Age25to29Rate,Age30to34,Age30to34Rate,Age35to39,Age35to39Rate,Age40to44,Age40to44Rate,Age45to49,Age45to49Rate,Age50to54,Age50to54Rate,Age55to59,Age55to59Rate,Age60to64,Age60to64Rate,Age65to69,Age65to69Rate,Age70to74,Age70to74Rate,Age75to79,Age75to79Rate,Age80to84,Age80to84Rate,Age85andover,Age85andoverRate,Households,TwoParentHH,TwoParentRate,SingleParentHH,SingleParentRate,CoupleNoKids,CoupleNoKidsRate,SingleAdult,SingleRate,Over1,SameHomeLastYear,SameHomeRate,SameMetroLastYear,SameMetroRate,USLastYear,USLastYearRate,AbroadLastYear,AbroadRate,ShootingsTotal,ShootingsYouth,ShootingRateTotal,ShootingRateYouth,Children,HospitalAdmissions,HospitalAdmissionRate,HospitalPatients,HospitalPatientRate,AsthmaAdmissions,AsthmaAdmissionRate,AsthmaPatients,AsthmaPatientRate,DiabetesAdmissions,DiabetesAdmissionRate,DiabetesPatients,DiabetesPatientRate,MHAdmissions,MHAdmissionRate,MHPatients,MHPatientRate,AsthmaRegistry,AsthmaRegistryRate,DiabetesRegistry,DiabetesRegistryRate,GenPedsRegistry,GenPedsRegistryRate
Boone,Burlington,Burlington,19438,17623,0.907,285,0.015,1039,0.053,18537,1504,0.081,110,0.006,0.192,5055,81,0.016,6727,244,0.036,100410,505,0.026,13152,12332,0.938,386,0.054,901,0.046,1286,0.066,1116,0.057,1580,0.081,1403,0.072,1264,0.065,1189,0.061,1126,0.058,799,0.041,1867,0.096,1637,0.084,1334,0.069,912,0.047,1067,0.055,867,0.045,389,0.02,508,0.026,193,0.01,6727,1824,0.271,308,0.046,2745,0.408,1850,0.275,19272,17244,0.895,1356,0.07,554,0.029,118,0.006,NA,NA,NA,NA,4383,158.5,3.6,114,2.6,8,0.2,6,0.1,1.5,0,1.5,0,8,0.2,11.5,0.3,207,4.7,8,0.2,10,0.2
Boone,Florence,Florence,73851,61861,0.838,4374,0.059,3671,0.05,68886,6739,0.098,1413,0.021,0.231,18890,767,0.041,28576,2259,0.079,80318,4126,0.056,49476,46262,0.935,1055,0.036,4965,0.067,4858,0.066,4588,0.062,5361,0.073,4603,0.062,4874,0.066,4801,0.065,5008,0.068,5641,0.076,4511,0.061,4620,0.063,4442,0.06,4405,0.06,3805,0.052,3181,0.043,1748,0.024,1585,0.021,855,0.012,28576,6503,0.228,2017,0.071,9373,0.328,10683,0.374,72898,62085,0.852,7491,0.103,2774,0.038,548,0.008,NA,NA,NA,NA,17986,661,3.7,467,2.6,19.5,0.1,16.5,0.1,4,0,4,0,0,0,35.5,0.2,797,4.4,36,0.2,43,0.2
Boone,Hebron,Hebron,19066,17552,0.921,190,0.01,1077,0.056,17976,1486,0.083,150,0.008,0.169,5166,91,0.018,6283,288,0.046,116477,801,0.042,12481,11839,0.949,353,0.053,1090,0.057,1707,0.09,1549,0.081,1262,0.066,977,0.051,1193,0.063,959,0.05,1331,0.07,1761,0.092,1583,0.083,1155,0.061,1599,0.084,1162,0.061,686,0.036,486,0.025,386,0.02,93,0.005,87,0.005,6283,2212,0.352,218,0.035,2407,0.383,1446,0.23,18839,16765,0.89,1650,0.088,424,0.023,0,0,NA,NA,NA,NA,5229,196.5,3.8,134,2.6,4.5,0.1,4.5,0.1,0.5,0,0.5,0,28,0.5,16.5,0.3,234,4.5,22,0.4,6,0.1
Boone,Walton,Walton,23795,22204,0.933,40,0.002,387,0.016,22087,961,0.044,62,0.003,0.196,6017,157,0.026,8001,360,0.045,107801,1759,0.074,14867,13986,0.941,392,0.047,1708,0.072,2553,0.107,2262,0.095,1473,0.062,932,0.039,986,0.041,1427,0.06,1559,0.066,1552,0.065,1451,0.061,1394,0.059,1589,0.067,1544,0.065,1154,0.048,760,0.032,742,0.031,432,0.018,277,0.012,8001,2603,0.325,280,0.035,3143,0.393,1975,0.247,23557,20169,0.856,2927,0.124,457,0.019,4,0,NA,NA,NA,NA,7409,185.5,2.5,141.5,1.9,6,0.1,6,0.1,2.5,0,2.5,0,15,0.2,13.5,0.2,257,3.5,21,0.3,8,0.1
Butler,Fairfield,Fairfield,44602,29775,0.668,7834,0.176,3282,0.074,41645,6729,0.162,1725,0.041,0.26,11617,590,0.051,18383,1557,0.085,67182,3455,0.077,30645,28433,0.928,1103,0.057,2957,0.066,2517,0.056,2542,0.057,3327,0.075,2614,0.059,3495,0.078,2497,0.056,2871,0.064,2622,0.059,2580,0.058,2354,0.053,3387,0.076,3326,0.075,2546,0.057,1718,0.039,1302,0.029,717,0.016,1230,0.028,18383,3583,0.195,1395,0.076,5817,0.316,7588,0.413,43824,39503,0.901,3139,0.072,648,0.015,534,0.012,NA,NA,NA,NA,9933,429.5,4.3,325.5,3.3,17.5,0.2,16,0.2,3,0,2.5,0,0,0,54,0.5,802,8.1,28,0.3,1028,10.3
Butler,Fairfield Township,Fairfield Township,22618,17893,0.791,2017,0.089,645,0.029,21333,3033,0.142,513,0.024,0.208,6116,226,0.037,8266,383,0.046,100316,1067,0.047,15895,14739,0.927,93,0.011,1285,0.057,1223,0.054,1576,0.07,1705,0.075,934,0.041,1136,0.05,1041,0.046,1545,0.068,1826,0.081,1566,0.069,1653,0.073,1094,0.048,2046,0.09,1919,0.085,868,0.038,576,0.025,288,0.013,337,0.015,8266,2180,0.264,351,0.042,3289,0.398,2446,0.296,22534,19583,0.869,2610,0.116,341,0.015,0,0,NA,NA,NA,NA,4874,188,3.9,138.5,2.8,3.5,0.1,3.5,0.1,1.5,0,1.5,0,44,0.9,31,0.6,418,8.6,19,0.4,291,6
Butler,Hamilton,Hamilton,63149,50398,0.798,5608,0.089,5898,0.093,59098,4889,0.083,1885,0.032,0.371,14794,2292,0.155,24700,4502,0.182,52995,5747,0.091,41404,35768,0.864,2331,0.086,4051,0.064,4288,0.068,4265,0.068,3607,0.057,5534,0.088,5065,0.08,4656,0.074,3757,0.059,3878,0.061,3265,0.052,3395,0.054,4059,0.064,3719,0.059,3009,0.048,2683,0.042,1548,0.025,1449,0.023,921,0.015,24700,4519,0.183,2294,0.093,6974,0.282,10913,0.442,62295,53172,0.854,7605,0.122,1210,0.019,308,0.005,NA,NA,NA,NA,14750,728,4.9,540.5,3.7,30,0.2,28.5,0.2,13,0.1,11,0.1,77.5,0.5,105.5,0.7,1389,9.4,54,0.4,912,6.2
Butler,Hanover Township,Hanover Township,8137,7105,0.873,76,0.009,22,0.003,7665,45,0.006,28,0.004,0.248,2360,39,0.017,3071,126,0.041,74087,405,0.05,5371,4883,0.909,85,0.027,472,0.058,591,0.073,512,0.063,652,0.08,539,0.066,124,0.015,602,0.074,366,0.045,544,0.067,500,0.061,443,0.054,546,0.067,480,0.059,598,0.073,358,0.044,377,0.046,162,0.02,271,0.033,3071,929,0.303,69,0.022,1219,0.397,854,0.278,8137,7676,0.943,296,0.036,165,0.02,0,0,NA,NA,NA,NA,1969,66,3.4,50,2.5,2.5,0.1,2.5,0.1,1,0.1,1,0.1,5.5,0.3,9.5,0.5,127,6.4,4,0.2,32,1.6
Butler,Lemon Township,Lemon Township,16786,14180,0.845,635,0.038,1241,0.074,15632,940,0.06,124,0.008,0.235,4437,208,0.047,5903,388,0.066,95932,917,0.055,10531,9811,0.932,316,0.051,1154,0.069,915,0.055,1540,0.092,1368,0.081,1278,0.076,866,0.052,1097,0.065,1225,0.073,1118,0.067,1452,0.087,890,0.053,763,0.045,701,0.042,618,0.037,579,0.034,321,0.019,445,0.027,456,0.027,5903,1746,0.296,325,0.055,2181,0.369,1651,0.28,16693,14880,0.891,1192,0.071,523,0.031,98,0.006,NA,NA,NA,NA,4743,158,3.3,111,2.3,4,0.1,3,0.1,1,0,1,0,39,0.8,21.5,0.5,311,6.6,13,0.3,110,2.3
Butler,Liberty Township,Liberty Township,43724,35118,0.803,2511,0.057,2515,0.058,40892,3661,0.09,649,0.016,0.146,12366,308,0.025,14549,530,0.036,137831,1415,0.032,28479,27308,0.959,669,0.044,2832,0.065,2857,0.065,3972,0.091,3214,0.074,2370,0.054,1852,0.042,2428,0.056,2559,0.059,3570,0.082,3376,0.077,3806,0.087,3001,0.069,2853,0.065,2100,0.048,1726,0.039,637,0.015,369,0.008,202,0.005,14549,5458,0.375,469,0.032,6387,0.439,2235,0.154,43060,39732,0.923,2183,0.051,1040,0.024,105,0.002,NA,NA,NA,NA,11847,376,3.2,274.5,2.3,14.5,0.1,13,0.1,3,0,3,0,24,0.2,41.5,0.3,740,6.2,40,0.3,309,2.6
Butler,Madison Township,Madison Township,8561,8389,0.98,55,0.006,0,0,8021,36,0.004,0,0,0.231,2311,145,0.063,3184,143,0.045,79655,491,0.057,5797,5558,0.959,182,0.054,540,0.063,714,0.083,545,0.064,526,0.061,439,0.051,503,0.059,467,0.055,422,0.049,325,0.038,479,0.056,799,0.093,611,0.071,557,0.065,641,0.075,340,0.04,380,0.044,150,0.018,123,0.014,3184,791,0.248,141,0.044,1319,0.414,933,0.293,8483,8030,0.947,245,0.029,208,0.025,0,0,NA,NA,NA,NA,2218,50,2.3,36.5,1.6,0.5,0,0.5,0,0,0,0,0,14.5,0.7,9,0.4,123,5.5,6,0.3,12,0.5
Butler,Middletown,Middletown,47152,37100,0.787,5803,0.123,1979,0.042,44656,1950,0.044,603,0.014,0.387,11311,1786,0.158,19533,4117,0.211,49317,4544,0.096,32144,27073,0.842,1767,0.083,2496,0.053,2653,0.056,3162,0.067,2470,0.052,4227,0.09,3397,0.072,2827,0.06,3053,0.065,2368,0.05,2699,0.057,3085,0.065,3254,0.069,3288,0.07,2882,0.061,2103,0.045,1263,0.027,855,0.018,1070,0.023,19533,2684,0.137,1573,0.081,5890,0.302,9386,0.481,46587,39585,0.85,5831,0.125,1050,0.023,121,0.003,NA,NA,NA,NA,9957,372,3.7,282.5,2.8,17.5,0.2,16.5,0.2,3,0,3,0,43.5,0.4,61.5,0.6,1132,11.4,27,0.3,199,2
Butler,Milford Township,Milford Township,3533,3376,0.956,26,0.007,39,0.011,3450,50,0.014,13,0.004,0.264,906,86,0.095,1250,139,0.111,78108,102,0.029,2309,2081,0.901,68,0.052,83,0.023,150,0.042,288,0.082,391,0.111,312,0.088,73,0.021,51,0.014,126,0.036,336,0.095,290,0.082,215,0.061,238,0.067,368,0.104,167,0.047,183,0.052,112,0.032,113,0.032,37,0.01,1250,287,0.23,46,0.037,547,0.438,370,0.296,3523,3316,0.941,157,0.045,50,0.014,0,0,NA,NA,NA,NA,703,23.5,3.3,19,2.7,0.5,0.1,0.5,0.1,0,0,0,0,5,0.7,4,0.6,46,6.5,0,0,3,0.4
Butler,Morgan Township,Morgan Township,5365,5001,0.932,0,0,0,0,4974,96,0.019,0,0,0.179,1477,0,0,1769,71,0.04,100871,207,0.039,3610,3478,0.963,126,0.066,391,0.073,454,0.085,302,0.056,464,0.086,144,0.027,241,0.045,312,0.058,389,0.073,341,0.064,375,0.07,506,0.094,392,0.073,262,0.049,397,0.074,113,0.021,166,0.031,71,0.013,45,0.008,1769,517,0.292,195,0.11,731,0.413,326,0.184,5365,5316,0.991,49,0.009,0,0,0,0,NA,NA,NA,NA,1545,60.5,3.9,37,2.4,0.5,0,0.5,0,1.5,0.1,1.5,0.1,3,0.2,2.5,0.2,77,5,5,0.3,11,0.7
Butler,Oxford Township,Oxford Township,24033,19038,0.792,1177,0.049,668,0.028,23399,2830,0.121,230,0.01,0.347,2840,246,0.087,6907,357,0.052,47815,658,0.027,7904,7703,0.975,1264,0.155,634,0.026,599,0.025,620,0.026,5634,0.234,8642,0.36,1183,0.049,766,0.032,634,0.026,386,0.016,598,0.025,617,0.026,912,0.038,577,0.024,492,0.02,480,0.02,534,0.022,387,0.016,338,0.014,6907,914,0.132,188,0.027,1840,0.266,3965,0.574,23947,13735,0.574,5181,0.216,4546,0.19,485,0.02,NA,NA,NA,NA,2215,76,3.4,61.5,2.8,1,0,1,0,0.5,0,0.5,0,22.5,1,16.5,0.7,89,4,5,0.2,13,0.6
Butler,Reily Township,Reily Township,2670,2655,0.994,14,0.005,11,0.004,2525,0,0,0,0,0.287,860,75,0.087,1112,61,0.055,73625,170,0.064,1902,1818,0.956,72,0.061,145,0.054,240,0.09,138,0.052,112,0.042,133,0.05,44,0.016,99,0.037,185,0.069,159,0.06,104,0.039,212,0.079,92,0.034,400,0.15,239,0.09,147,0.055,69,0.026,107,0.04,45,0.017,1112,211,0.19,91,0.082,536,0.482,274,0.246,2670,2310,0.865,358,0.134,2,0.001,0,0,NA,NA,NA,NA,622,19,3.1,15,2.4,0,0,0,0,0,0,0,0,3,0.5,3,0.5,31,5,0,0,2,0.3
Butler,Ross Township,Ross Township,8764,8367,0.955,0,0,32,0.004,8513,84,0.01,0,0,0.226,2164,123,0.057,2904,183,0.063,102273,269,0.031,5362,5034,0.939,131,0.043,251,0.029,1009,0.115,883,0.101,534,0.061,725,0.083,276,0.031,217,0.025,687,0.078,804,0.092,361,0.041,539,0.062,417,0.048,633,0.072,296,0.034,424,0.048,196,0.022,147,0.017,365,0.042,2904,915,0.315,85,0.029,1077,0.371,827,0.285,8715,8040,0.923,675,0.077,0,0,0,0,NA,NA,NA,NA,2446,99.5,4.1,73,3,1.5,0.1,1.5,0.1,1,0,1,0,16,0.7,12.5,0.5,134,5.5,11,0.4,46,1.9
Butler,St. Clair Township,St. Clair Township,6724,6249,0.929,135,0.02,142,0.021,6491,19,0.003,0,0,0.327,1704,179,0.105,2362,362,0.153,62095,516,0.077,4295,3566,0.83,161,0.064,233,0.035,513,0.076,447,0.066,660,0.098,576,0.086,297,0.044,261,0.039,556,0.083,427,0.064,419,0.062,458,0.068,308,0.046,580,0.086,328,0.049,324,0.048,148,0.022,110,0.016,79,0.012,2362,473,0.2,264,0.112,892,0.378,733,0.31,6689,6105,0.913,528,0.079,40,0.006,16,0.002,NA,NA,NA,NA,1654,52,3.1,43.5,2.6,2,0.1,1.5,0.1,1,0.1,1,0.1,12,0.7,8.5,0.5,134,8.1,2,0.1,43,2.6
Butler,Trenton,Trenton,13133,12751,0.971,53,0.004,129,0.01,12402,142,0.011,0,0,0.221,3467,87,0.025,4418,350,0.079,84392,513,0.039,7950,7340,0.923,194,0.042,731,0.056,833,0.063,1285,0.098,1447,0.11,887,0.068,714,0.054,777,0.059,852,0.065,995,0.076,713,0.054,1010,0.077,741,0.056,510,0.039,400,0.03,409,0.031,258,0.02,272,0.021,299,0.023,4418,1443,0.327,357,0.081,1515,0.343,1103,0.25,13102,11594,0.885,1241,0.095,267,0.02,0,0,NA,NA,NA,NA,3934,141,3.6,116.5,3,4.5,0.1,4,0.1,2,0.1,2,0.1,11,0.3,19.5,0.5,296,7.5,10,0.3,73,1.9
Butler,Wayne Township,Wayne Township,4582,4447,0.971,0,0,76,0.017,4425,66,0.015,18,0.004,0.262,1331,41,0.031,1780,155,0.087,71824,367,0.08,3358,3041,0.906,96,0.051,157,0.034,177,0.039,277,0.06,354,0.077,259,0.057,100,0.022,254,0.055,205,0.045,378,0.082,349,0.076,303,0.066,410,0.089,481,0.105,374,0.082,128,0.028,125,0.027,116,0.025,135,0.029,1780,386,0.217,87,0.049,799,0.449,508,0.285,4558,4343,0.953,208,0.046,6,0.001,1,0,NA,NA,NA,NA,874,38.5,4.4,27,3.1,0,0,0,0,1,0.1,1,0.1,4,0.5,3.5,0.4,53,6.1,5,0.6,8,0.9
Butler,West Chester Township,West Chester Township,64794,49296,0.761,6129,0.095,3534,0.055,60528,8400,0.139,1772,0.029,0.194,17213,847,0.049,24445,1091,0.045,106150,3367,0.052,43353,40675,0.938,862,0.034,4266,0.066,5234,0.081,4248,0.066,3433,0.053,4260,0.066,3484,0.054,4350,0.067,4198,0.065,3919,0.06,4068,0.063,3907,0.06,4504,0.07,4557,0.07,3876,0.06,2603,0.04,1756,0.027,941,0.015,1190,0.018,24445,6239,0.255,1390,0.057,9216,0.377,7600,0.311,64010,55249,0.863,5861,0.092,2286,0.036,614,0.01,NA,NA,NA,NA,16140,570.5,3.5,418,2.6,29.5,0.2,24.5,0.2,3.5,0,3.5,0,0,0,64.5,0.4,1112,6.9,35,0.2,757,4.7
Campbell,Alexandria,Alexandria,16465,15393,0.935,197,0.012,307,0.019,15290,425,0.028,113,0.007,0.206,4626,182,0.039,6204,253,0.041,96263,679,0.041,11350,10513,0.926,193,0.03,1175,0.071,959,0.058,948,0.058,1152,0.07,881,0.054,814,0.049,989,0.06,1118,0.068,1208,0.073,1048,0.064,989,0.06,1456,0.088,1165,0.071,829,0.05,720,0.044,453,0.028,225,0.014,336,0.02,6204,1914,0.309,172,0.028,2417,0.39,1701,0.274,16228,14531,0.895,1420,0.088,215,0.013,62,0.004,NA,NA,NA,NA,3964,140,3.5,103,2.6,3,0.1,3,0.1,3.5,0.1,3.5,0.1,10.5,0.3,11.5,0.3,207,5.2,18,0.5,5,0.1
Campbell,Grants Lick,Grants Lick,8625,8537,0.99,2,0,62,0.007,8146,113,0.014,9,0.001,0.167,2397,96,0.04,3086,57,0.018,99750,121,0.014,5724,5459,0.954,176,0.054,479,0.056,600,0.07,445,0.052,831,0.096,546,0.063,360,0.042,545,0.063,457,0.053,453,0.053,434,0.05,866,0.1,581,0.067,677,0.078,499,0.058,316,0.037,235,0.027,152,0.018,149,0.017,3086,712,0.231,149,0.048,1413,0.458,812,0.263,8512,8073,0.948,355,0.042,82,0.01,2,0,NA,NA,NA,NA,1957,88.5,4.5,61,3.1,2,0.1,1.5,0.1,0.5,0,0.5,0,4.5,0.2,9.5,0.5,116,5.9,4,0.2,3,0.2
Campbell,Newport-Fort Thomas,Newport-Fort Thomas,68032,62034,0.912,2255,0.033,1747,0.026,64496,2539,0.039,225,0.003,0.266,16154,1560,0.097,29394,2427,0.083,66750,3052,0.045,47972,44710,0.932,2412,0.076,3536,0.052,4413,0.065,3415,0.05,3713,0.055,4983,0.073,5707,0.084,5024,0.074,4774,0.07,3894,0.057,3769,0.055,4054,0.06,4757,0.07,4413,0.065,3986,0.059,3097,0.046,1987,0.029,1157,0.017,1353,0.02,29394,5055,0.172,1981,0.067,8462,0.288,13896,0.473,67412,57303,0.85,7685,0.114,2257,0.033,167,0.002,NA,NA,NA,NA,13330,485,3.6,364,2.7,17.5,0.1,16.5,0.1,5,0,5,0,36,0.3,41,0.3,783,5.9,30,0.2,80,0.6
Clermont,Batavia Township,Batavia Township,27531,25380,0.922,359,0.013,296,0.011,25959,697,0.027,41,0.002,0.284,7028,443,0.063,10985,1622,0.148,73237,1300,0.047,18805,16418,0.873,255,0.023,1572,0.057,1883,0.068,1507,0.055,2019,0.073,1745,0.063,2179,0.079,1729,0.063,2110,0.077,1868,0.068,1357,0.049,1619,0.059,1804,0.066,2012,0.073,1330,0.048,1191,0.043,940,0.034,356,0.013,310,0.011,10985,2498,0.227,742,0.068,3560,0.324,4185,0.381,27212,23401,0.86,2954,0.109,754,0.028,103,0.004,NA,NA,NA,NA,6448,359,5.6,243.5,3.8,8.5,0.1,7.5,0.1,7.5,0.1,5.5,0.1,0,0,52,0.8,512,7.9,24,0.4,66,1
Clermont,Franklin Township,Franklin Township,3644,3619,0.993,0,0,209,0.057,3397,134,0.039,39,0.011,0.32,1085,70,0.065,1410,197,0.14,58920,117,0.032,2451,2170,0.885,121,0.079,247,0.068,144,0.04,125,0.034,494,0.136,183,0.05,122,0.033,200,0.055,99,0.027,334,0.092,269,0.074,235,0.064,183,0.05,399,0.109,122,0.033,188,0.052,114,0.031,174,0.048,12,0.003,1410,488,0.346,21,0.015,548,0.389,353,0.25,3633,3094,0.852,504,0.139,35,0.01,0,0,NA,NA,NA,NA,957,49.5,5.2,30.5,3.2,0,0,0,0,0,0,0,0,5,0.5,3.5,0.4,48,5,2,0.2,1,0.1
Clermont,Goshen Township,Goshen Township,16127,15362,0.953,98,0.006,293,0.018,14739,246,0.017,46,0.003,0.267,4270,338,0.079,5869,563,0.096,76886,881,0.055,11063,9824,0.888,398,0.064,1388,0.086,993,0.062,1009,0.063,871,0.054,803,0.05,808,0.05,1557,0.097,1184,0.073,843,0.052,1120,0.069,961,0.06,1066,0.066,1105,0.069,851,0.053,770,0.048,553,0.034,144,0.009,101,0.006,5869,1602,0.273,309,0.053,2038,0.347,1920,0.327,15913,14300,0.899,1224,0.077,359,0.023,30,0.002,NA,NA,NA,NA,4069,180,4.4,140,3.4,1.5,0,1.5,0,2,0,1.5,0,40.5,1,28.5,0.7,303,7.4,10,0.2,45,1.1
Clermont,Jackson Township,Jackson Township,3124,3070,0.983,46,0.015,0,0,3003,0,0,0,0,0.275,859,23,0.027,1035,76,0.073,80625,151,0.048,2176,1804,0.829,59,0.054,121,0.039,94,0.03,300,0.096,215,0.069,218,0.07,64,0.02,160,0.051,238,0.076,237,0.076,200,0.064,246,0.079,224,0.072,275,0.088,181,0.058,214,0.069,68,0.022,59,0.019,10,0.003,1035,213,0.206,25,0.024,519,0.501,278,0.269,3124,2867,0.918,245,0.078,12,0.004,0,0,NA,NA,NA,NA,693,18,2.6,14.5,2.1,0,0,0,0,0.5,0.1,0.5,0.1,3.5,0.5,3,0.4,34,4.9,2,0.3,0,0
Clermont,Miami Township,Miami Township,43951,40050,0.911,1101,0.025,1148,0.026,41574,1278,0.031,85,0.002,0.167,12200,341,0.028,16557,581,0.035,109908,1607,0.037,30561,29419,0.963,421,0.025,2377,0.054,2697,0.061,3184,0.072,2925,0.067,2207,0.05,2125,0.048,2519,0.057,2601,0.059,2539,0.058,3458,0.079,3360,0.076,3255,0.074,2979,0.068,2620,0.06,2214,0.05,1268,0.029,762,0.017,861,0.02,16557,4599,0.278,848,0.051,6595,0.398,4515,0.273,43609,39403,0.904,3229,0.074,896,0.021,81,0.002,NA,NA,NA,NA,10303,349,3.4,253,2.5,13.5,0.1,12.5,0.1,3,0,1.5,0,0,0,44,0.4,627,6.1,33,0.3,65,0.6
Clermont,Milford,Milford,6556,6114,0.933,139,0.021,33,0.005,6320,358,0.057,28,0.004,0.236,1652,23,0.014,3305,174,0.053,69524,443,0.068,4967,4636,0.933,98,0.029,236,0.036,425,0.065,243,0.037,280,0.043,405,0.062,546,0.083,298,0.045,496,0.076,317,0.048,328,0.05,389,0.059,498,0.076,355,0.054,715,0.109,343,0.052,182,0.028,227,0.035,273,0.042,3305,403,0.122,250,0.076,759,0.23,1893,0.573,6509,5808,0.892,575,0.088,105,0.016,21,0.003,NA,NA,NA,NA,1040,54.5,5.2,41,3.9,1.5,0.1,1.5,0.1,2,0.2,2,0.2,11,1.1,7.5,0.7,78,7.5,4,0.4,2,0.2
Clermont,Monroe Township,Monroe Township,7599,7315,0.963,0,0,261,0.034,7308,96,0.013,11,0.002,0.297,1982,180,0.091,2805,475,0.169,89432,557,0.073,5120,4559,0.89,306,0.098,291,0.038,570,0.075,456,0.06,517,0.068,645,0.085,283,0.037,346,0.046,328,0.043,580,0.076,735,0.097,584,0.077,420,0.055,641,0.084,417,0.055,264,0.035,169,0.022,241,0.032,112,0.015,2805,685,0.244,124,0.044,1222,0.436,774,0.276,7515,6583,0.876,776,0.103,142,0.019,14,0.002,NA,NA,NA,NA,1670,84.5,5.1,60,3.6,4,0.2,4,0.2,1,0.1,1,0.1,23.5,1.4,15,0.9,156,9.3,8,0.5,21,1.3
Clermont,Ohio Township,Ohio Township,5338,4948,0.927,116,0.022,134,0.025,5055,146,0.029,31,0.006,0.336,1384,115,0.083,1956,342,0.175,74924,626,0.117,3827,3297,0.862,164,0.077,283,0.053,322,0.06,431,0.081,228,0.043,247,0.046,520,0.097,383,0.072,302,0.057,315,0.059,213,0.04,359,0.067,491,0.092,399,0.075,378,0.071,96,0.018,162,0.03,117,0.022,92,0.017,1956,501,0.256,112,0.057,696,0.356,647,0.331,5218,4834,0.926,350,0.067,34,0.007,0,0,NA,NA,NA,NA,1187,86.5,7.3,61.5,5.2,2.5,0.2,2.5,0.2,2.5,0.2,2.5,0.2,10.5,0.9,8.5,0.7,119,10,9,0.8,9,0.8
Clermont,Pierce Township,Pierce Township,15109,14406,0.953,180,0.012,362,0.024,14138,349,0.025,2,0,0.223,4076,177,0.043,6289,183,0.029,90565,1039,0.069,11218,10374,0.925,350,0.053,971,0.064,945,0.063,760,0.05,667,0.044,548,0.036,887,0.059,1107,0.073,1023,0.068,1043,0.069,659,0.044,643,0.043,1018,0.067,1368,0.091,1117,0.074,1012,0.067,654,0.043,534,0.035,153,0.01,6289,1322,0.21,208,0.033,2767,0.44,1992,0.317,14913,13341,0.895,1122,0.075,443,0.03,7,0,NA,NA,NA,NA,3035,156,5.1,112,3.7,4,0.1,4,0.1,1.5,0,1.5,0,31,1,21,0.7,183,6,11,0.4,15,0.5
Clermont,Stonelick Township,Stonelick Township,5709,5474,0.959,15,0.003,39,0.007,5452,15,0.003,0,0,0.33,1752,209,0.119,2280,358,0.157,59452,318,0.056,3810,3151,0.827,139,0.057,257,0.045,385,0.067,409,0.072,544,0.095,304,0.053,227,0.04,236,0.041,244,0.043,322,0.056,245,0.043,338,0.059,438,0.077,357,0.063,278,0.049,394,0.069,330,0.058,112,0.02,289,0.051,2280,388,0.17,111,0.049,876,0.384,905,0.397,5673,5162,0.91,497,0.088,14,0.002,0,0,NA,NA,NA,NA,1336,48.5,3.6,36.5,2.7,1,0.1,1,0.1,0.5,0,0.5,0,15,1.1,11.5,0.9,86,6.4,6,0.4,10,0.7
Clermont,Tate Township,Tate Township,9218,9041,0.981,12,0.001,71,0.008,8770,144,0.016,1,0,0.277,2586,145,0.056,3544,326,0.092,69474,533,0.058,6359,5616,0.883,320,0.083,448,0.049,436,0.047,670,0.073,845,0.092,460,0.05,435,0.047,490,0.053,408,0.044,597,0.065,470,0.051,901,0.098,676,0.073,633,0.069,666,0.072,420,0.046,310,0.034,288,0.031,65,0.007,3544,679,0.192,229,0.065,1309,0.369,1327,0.374,9151,7953,0.869,1086,0.119,106,0.012,6,0.001,NA,NA,NA,NA,2065,114,5.5,81.5,3.9,4,0.2,2.5,0.1,1.5,0.1,1.5,0.1,27,1.3,14.5,0.7,176,8.5,12,0.6,5,0.2
Clermont,Union Township,Union Township,49689,45113,0.908,799,0.016,1617,0.033,46738,2143,0.046,231,0.005,0.242,12509,909,0.073,20884,1486,0.071,71292,2875,0.058,34127,31990,0.937,805,0.037,2951,0.059,3489,0.07,3429,0.069,2397,0.048,3296,0.066,3782,0.076,3282,0.066,3673,0.074,3301,0.066,2651,0.053,2841,0.057,3439,0.069,3261,0.066,2801,0.056,1915,0.039,1521,0.031,764,0.015,896,0.018,20884,4412,0.211,967,0.046,6937,0.332,8568,0.41,49209,41597,0.845,6479,0.132,929,0.019,204,0.004,NA,NA,NA,NA,11193,410,3.7,292.5,2.6,7,0.1,7,0.1,1,0,1,0,85.5,0.8,55,0.5,660,5.9,35,0.3,68,0.6
Clermont,Washington Township,Washington Township,2405,2401,0.998,0,0,0,0,2347,38,0.016,0,0,0.322,574,30,0.052,843,93,0.11,61993,162,0.067,1604,1322,0.824,149,0.15,58,0.024,85,0.035,96,0.04,246,0.102,316,0.131,54,0.022,32,0.013,83,0.035,192,0.08,128,0.053,260,0.108,256,0.106,209,0.087,37,0.015,175,0.073,50,0.021,57,0.024,71,0.03,843,163,0.193,13,0.015,400,0.474,267,0.317,2393,2219,0.927,174,0.073,0,0,0,0,NA,NA,NA,NA,405,13.5,3.3,11,2.7,0,0,0,0,0.5,0.1,0.5,0.1,2.5,0.6,2,0.5,34,8.4,3,0.7,2,0.5
Clermont,Wayne Township,Wayne Township,4647,4542,0.977,26,0.006,19,0.004,4551,17,0.004,0,0,0.294,1252,83,0.066,1714,166,0.097,75222,481,0.104,3226,2769,0.858,180,0.095,96,0.021,271,0.058,411,0.088,272,0.059,371,0.08,272,0.059,167,0.036,296,0.064,247,0.053,307,0.066,439,0.094,362,0.078,319,0.069,332,0.071,196,0.042,120,0.026,101,0.022,68,0.015,1714,341,0.199,49,0.029,740,0.432,584,0.341,4647,4072,0.876,367,0.079,202,0.043,6,0.001,NA,NA,NA,NA,935,36,3.9,28,3,1,0.1,1,0.1,1,0.1,1,0.1,9,1,5.5,0.6,58,6.2,5,0.5,3,0.3
Clermont,Williamsburg Township,Williamsburg Township,5708,5473,0.959,29,0.005,10,0.002,5493,156,0.028,0,0,0.279,1478,135,0.091,2224,196,0.088,63061,319,0.056,4134,3730,0.902,187,0.078,215,0.038,295,0.052,256,0.045,431,0.076,377,0.066,268,0.047,418,0.073,291,0.051,452,0.079,359,0.063,334,0.059,581,0.102,582,0.102,359,0.063,166,0.029,175,0.031,145,0.025,4,0.001,2224,361,0.162,97,0.044,1066,0.479,700,0.315,5648,5112,0.905,403,0.071,131,0.023,2,0,NA,NA,NA,NA,935,59,6.3,42,4.5,1.5,0.2,1.5,0.2,0,0,0,0,9,1,6,0.6,86,9.2,7,0.7,0,0
Dearborn,Caesar Creek Township,Caesar Creek Township,197,197,1,0,0,0,0,197,16,0.081,0,0,0.291,42,0,0,81,0,0,NA,0,0,147,133,0.905,61,0.43,0,0,0,0,17,0.086,21,0.107,12,0.061,0,0,0,0,0,0,14,0.071,0,0,18,0.091,0,0,58,0.294,14,0.071,0,0,9,0.046,0,0,34,0.173,81,14,0.173,0,0,28,0.346,39,0.481,197,185,0.939,12,0.061,0,0,0,0,NA,NA,NA,NA,38,2,5.3,1,2.6,0,0,0,0,0,0,0,0,0,0,0,0,2,5.3,0,0,0,0
Dearborn,Center Township,Center Township,5079,4575,0.901,24,0.005,179,0.035,4819,37,0.008,2,0,0.341,1317,136,0.103,2088,395,0.189,55357,503,0.099,3403,3111,0.914,41,0.019,260,0.051,120,0.024,411,0.081,485,0.095,400,0.079,277,0.055,313,0.062,243,0.048,259,0.051,579,0.114,187,0.037,451,0.089,444,0.087,244,0.048,160,0.032,103,0.02,59,0.012,84,0.017,2088,481,0.23,158,0.076,568,0.272,881,0.422,5077,4707,0.927,238,0.047,132,0.026,0,0,NA,NA,NA,NA,1103,41.5,3.8,38.5,3.5,0.5,0,0.5,0,2,0.2,2,0.2,1.5,0.1,4,0.4,55,5,5,0.5,1,0.1
Dearborn,Clay Township,Clay Township,2846,2583,0.908,63,0.022,52,0.018,2694,68,0.025,18,0.007,0.291,737,98,0.133,1232,86,0.07,62778,162,0.057,2061,1800,0.873,71,0.054,152,0.053,158,0.056,136,0.048,122,0.043,217,0.076,143,0.05,114,0.04,125,0.044,110,0.039,164,0.058,228,0.08,184,0.065,330,0.116,138,0.048,179,0.063,109,0.038,163,0.057,74,0.026,1232,156,0.127,46,0.037,496,0.403,534,0.433,2824,2470,0.875,316,0.112,31,0.011,7,0.002,NA,NA,NA,NA,490,21.5,4.4,16,3.3,0,0,0,0,0,0,0,0,2.5,0.5,2,0.4,19,3.9,0,0,0,0
Dearborn,Harrison Township,Harrison Township,3367,3113,0.925,0,0,24,0.007,3251,139,0.043,57,0.018,0.229,978,2,0.002,1391,114,0.082,72917,176,0.052,2395,2136,0.892,107,0.071,116,0.034,73,0.022,213,0.063,337,0.1,233,0.069,63,0.019,174,0.052,149,0.044,357,0.106,231,0.069,147,0.044,253,0.075,196,0.058,416,0.124,136,0.04,158,0.047,79,0.023,36,0.011,1391,360,0.259,70,0.05,529,0.38,432,0.311,3338,3073,0.921,154,0.046,111,0.033,0,0,NA,NA,NA,NA,648,23,3.5,18,2.8,1,0.2,1,0.2,1,0.2,1,0.2,0,0,0,0,38,5.9,4,0.6,1,0.2
Dearborn,Hogan Township,Hogan Township,877,820,0.935,0,0,31,0.035,805,24,0.03,0,0,0.229,315,29,0.092,412,16,0.039,71806,43,0.049,671,629,0.937,39,0.086,72,0.082,0,0,15,0.017,37,0.042,82,0.094,13,0.015,48,0.055,65,0.074,35,0.04,65,0.074,77,0.088,45,0.051,35,0.04,117,0.133,79,0.09,50,0.057,22,0.025,20,0.023,412,35,0.085,20,0.049,219,0.532,138,0.335,865,739,0.854,57,0.066,69,0.08,0,0,NA,NA,NA,NA,124,5,4,4,3.2,0,0,0,0,0,0,0,0,1.5,1.2,0.5,0.4,11,8.9,3,2.4,1,0.8
Dearborn,Jackson Township,Jackson Township,1683,1668,0.991,0,0,0,0,1624,0,0,0,0,0.188,502,11,0.022,606,11,0.018,89224,25,0.015,1168,1043,0.893,54,0.082,59,0.035,72,0.043,177,0.105,125,0.074,82,0.049,111,0.066,27,0.016,84,0.05,115,0.068,148,0.088,117,0.07,203,0.121,104,0.062,122,0.072,102,0.061,35,0.021,0,0,0,0,606,198,0.327,19,0.031,307,0.507,82,0.135,1683,1540,0.915,61,0.036,82,0.049,0,0,NA,NA,NA,NA,414,13,3.1,10,2.4,0,0,0,0,0,0,0,0,1,0.2,0.5,0.1,20,4.8,0,0,0,0
Dearborn,Kelso Township,Kelso Township,3198,3122,0.976,0,0,7,0.002,3038,13,0.004,0,0,0.182,929,45,0.048,1117,34,0.03,100208,95,0.03,2161,2079,0.962,43,0.037,160,0.05,210,0.066,194,0.061,301,0.094,172,0.054,412,0.129,113,0.035,134,0.042,155,0.048,240,0.075,187,0.058,260,0.081,195,0.061,228,0.071,135,0.042,53,0.017,28,0.009,21,0.007,1117,322,0.288,38,0.034,444,0.397,313,0.28,3168,3127,0.987,30,0.009,11,0.003,0,0,NA,NA,NA,NA,778,14,1.8,12,1.5,0.5,0.1,0.5,0.1,0,0,0,0,0,0,0,0,25,3.2,2,0.3,1,0.1
Dearborn,Lawrenceburg Township,Lawrenceburg Township,11246,10959,0.974,164,0.015,166,0.015,10459,158,0.015,2,0,0.294,2949,312,0.106,4787,660,0.138,62730,491,0.044,7585,6944,0.915,270,0.053,787,0.07,1137,0.101,731,0.065,485,0.043,521,0.046,647,0.058,695,0.062,1044,0.093,496,0.044,476,0.042,869,0.077,479,0.043,784,0.07,671,0.06,440,0.039,382,0.034,206,0.018,396,0.035,4787,1083,0.226,404,0.084,1224,0.256,2076,0.434,11043,9418,0.853,1411,0.128,137,0.012,77,0.007,NA,NA,NA,NA,2974,78,2.6,60,2,0.5,0,0.5,0,0.5,0,0.5,0,10,0.3,7.5,0.3,145,4.9,7,0.2,5,0.2
Dearborn,Logan Township,Logan Township,3854,3726,0.967,25,0.006,88,0.023,3538,24,0.007,0,0,0.225,1074,32,0.03,1268,100,0.079,101173,163,0.042,2433,2309,0.949,20,0.016,316,0.082,280,0.073,338,0.088,289,0.075,198,0.051,51,0.013,298,0.077,280,0.073,327,0.085,208,0.054,255,0.066,234,0.061,224,0.058,224,0.058,159,0.041,117,0.03,43,0.011,13,0.003,1268,496,0.391,20,0.016,462,0.364,290,0.229,3784,3664,0.968,120,0.032,0,0,0,0,NA,NA,NA,NA,1149,17,1.5,15.5,1.3,0.5,0,0.5,0,0,0,0,0,4,0.3,2.5,0.2,64,5.6,2,0.2,1,0.1
Dearborn,Manchester Township,Manchester Township,3302,3269,0.99,0,0,0,0,3278,14,0.004,0,0,0.258,1020,43,0.042,1290,33,0.026,92895,166,0.05,2584,2159,0.836,0,0,24,0.007,69,0.021,173,0.052,282,0.085,170,0.051,288,0.087,44,0.013,199,0.06,197,0.06,163,0.049,273,0.083,435,0.132,364,0.11,158,0.048,119,0.036,119,0.036,157,0.048,68,0.021,1290,174,0.135,40,0.031,699,0.542,377,0.292,3302,3148,0.953,65,0.02,52,0.016,37,0.011,NA,NA,NA,NA,382,28.5,7.5,24,6.3,0.5,0.1,0.5,0.1,0,0,0,0,3,0.8,2.5,0.7,41,10.7,1,0.3,0,0
Dearborn,Miller Township,Miller Township,9937,9706,0.977,0,0,127,0.013,9392,222,0.024,0,0,0.196,2885,43,0.015,3568,265,0.074,99774,349,0.035,6972,6498,0.932,137,0.037,545,0.055,741,0.075,451,0.045,657,0.066,571,0.057,391,0.039,822,0.083,566,0.057,597,0.06,660,0.066,777,0.078,874,0.088,602,0.061,697,0.07,393,0.04,334,0.034,151,0.015,108,0.011,3568,958,0.268,147,0.041,1747,0.49,716,0.201,9895,9314,0.941,365,0.037,216,0.022,0,0,NA,NA,NA,NA,2073,65,3.1,55.5,2.7,4.5,0.2,4,0.2,0.5,0,0.5,0,5.5,0.3,5.5,0.3,147,7.1,8,0.4,1,0
Dearborn,Sparta Township,Sparta Township,2911,2897,0.995,0,0,48,0.016,2739,35,0.013,3,0.001,0.258,856,34,0.04,1129,74,0.066,70260,203,0.07,2120,1850,0.873,40,0.034,172,0.059,188,0.065,112,0.038,212,0.073,107,0.037,292,0.1,111,0.038,199,0.068,177,0.061,200,0.069,88,0.03,292,0.1,111,0.038,228,0.078,215,0.074,136,0.047,21,0.007,50,0.017,1129,266,0.236,35,0.031,591,0.523,237,0.21,2903,2775,0.956,116,0.04,12,0.004,0,0,NA,NA,NA,NA,643,25,3.9,19.5,3,0.5,0.1,0.5,0.1,0,0,0,0,2,0.3,3,0.5,30,4.7,1,0.2,0,0
Dearborn,Washington Township,Washington Township,1183,1153,0.975,10,0.008,0,0,1183,22,0.019,0,0,0.241,340,0,0,510,37,0.073,101094,116,0.098,945,861,0.911,79,0.134,0,0,53,0.045,163,0.138,0,0,22,0.019,21,0.018,76,0.064,65,0.055,75,0.063,112,0.095,258,0.218,117,0.099,35,0.03,40,0.034,91,0.077,44,0.037,11,0.009,0,0,510,41,0.08,37,0.073,305,0.598,127,0.249,1183,1177,0.995,6,0.005,0,0,0,0,NA,NA,NA,NA,216,11,5.1,9,4.2,0,0,0,0,0,0,0,0,1.5,0.7,1,0.5,16,7.4,0,0,1,0.5
Dearborn,York Township,York Township,1029,1007,0.979,0,0,21,0.02,1011,21,0.021,0,0,0.188,365,0,0,436,15,0.034,126905,22,0.021,764,713,0.933,7,0.016,18,0.017,28,0.027,75,0.073,80,0.078,64,0.062,55,0.053,13,0.013,46,0.045,40,0.039,13,0.013,114,0.111,61,0.059,172,0.167,111,0.108,89,0.086,22,0.021,28,0.027,0,0,436,86,0.197,0,0,239,0.548,111,0.255,1015,980,0.966,1,0.001,34,0.033,0,0,NA,NA,NA,NA,191,7,3.7,6,3.1,0,0,0,0,0,0,0,0,2.5,1.3,2,1,17,8.9,1,0.5,0,0
Hamilton,Amberley,Amberley,3824,3144,0.822,197,0.052,188,0.049,3585,234,0.065,0,0,0.118,1032,0,0,1445,73,0.051,144702,34,0.009,2616,2607,0.997,0,0,239,0.062,344,0.09,342,0.089,178,0.047,105,0.027,89,0.023,225,0.059,190,0.05,320,0.084,280,0.073,230,0.06,157,0.041,247,0.065,356,0.093,173,0.045,168,0.044,77,0.02,104,0.027,1445,420,0.291,0,0,615,0.426,410,0.284,3746,3549,0.947,68,0.018,129,0.034,0,0,NA,NA,NA,NA,1066,30.5,2.9,22,2.1,1,0.1,1,0.1,0,0,0,0,3.5,0.3,3,0.3,75,7,1,0.1,4,0.4
Hamilton,Anderson Township,Anderson Township,43882,39565,0.902,1523,0.035,1182,0.027,41161,1729,0.042,117,0.003,0.163,12291,359,0.029,16294,630,0.039,113821,1234,0.028,29465,28899,0.981,520,0.031,2721,0.062,2760,0.063,3935,0.09,3676,0.084,1325,0.03,1731,0.039,2160,0.049,2897,0.066,2830,0.064,3289,0.075,3285,0.075,2875,0.066,2838,0.065,2165,0.049,2112,0.048,1321,0.03,784,0.018,1178,0.027,16294,5140,0.315,823,0.051,5611,0.344,4720,0.29,43412,40481,0.932,1886,0.043,973,0.022,72,0.002,NA,NA,NA,NA,12074,379.5,3.1,281.5,2.3,9.5,0.1,9.5,0.1,4,0,4,0,71,0.6,46,0.4,674,5.6,38,0.3,39,0.3
Hamilton,Arlington Heights,Arlington Heights,1017,673,0.662,225,0.221,28,0.028,946,18,0.019,0,0,0.384,261,28,0.107,443,101,0.228,47875,110,0.108,694,645,0.929,21,0.045,71,0.07,91,0.089,67,0.066,53,0.052,41,0.04,56,0.055,119,0.117,122,0.12,62,0.061,77,0.076,33,0.032,49,0.048,29,0.029,100,0.098,8,0.008,14,0.014,21,0.021,4,0.004,443,73,0.165,66,0.149,100,0.226,204,0.46,1012,875,0.865,134,0.132,3,0.003,0,0,NA,NA,NA,NA,258,14,5.4,10,3.9,2,0.8,1.5,0.6,0,0,0,0,1,0.4,1,0.4,19,7.4,0,0,21,8.1
Hamilton,Blue Ash,Blue Ash,13325,9748,0.732,1371,0.103,299,0.022,12486,1760,0.141,91,0.007,0.168,3827,82,0.021,5746,207,0.036,113558,389,0.029,9578,9368,0.978,404,0.066,839,0.063,867,0.065,881,0.066,538,0.04,622,0.047,673,0.051,1471,0.11,868,0.065,782,0.059,760,0.057,818,0.061,702,0.053,771,0.058,841,0.063,639,0.048,571,0.043,267,0.02,415,0.031,5746,1352,0.235,438,0.076,2310,0.402,1646,0.286,13206,10571,0.8,2086,0.158,323,0.024,226,0.017,NA,NA,NA,NA,2934,110,3.7,81.5,2.8,3,0.1,2.5,0.1,0.5,0,0.5,0,20.5,0.7,17.5,0.6,192,6.5,6,0.2,56,1.9
Hamilton,Cheviot,Cheviot,8682,6275,0.723,1659,0.191,373,0.043,8060,373,0.046,52,0.006,0.355,1911,241,0.126,3517,807,0.229,52461,564,0.065,5514,5110,0.927,493,0.123,622,0.072,735,0.085,945,0.109,501,0.058,365,0.042,523,0.06,874,0.101,662,0.076,446,0.051,411,0.047,742,0.085,498,0.057,398,0.046,206,0.024,373,0.043,153,0.018,55,0.006,173,0.02,3517,357,0.102,723,0.206,883,0.251,1554,0.442,8531,7251,0.85,1129,0.132,145,0.017,6,0.001,NA,NA,NA,NA,2666,109,4.1,83,3.1,6,0.2,5,0.2,1.5,0.1,1.5,0.1,23.5,0.9,15.5,0.6,198,7.4,4,0.1,344,12.9
Hamilton,Cincinnati,Avondale,12792,1955,0.153,9778,0.764,928,0.073,12035,863,0.072,147,0.012,0.576,2318,761,0.328,5961,2152,0.361,30111,1820,0.142,8247,6702,0.813,1190,0.173,757,0.059,576,0.045,964,0.075,1083,0.085,1165,0.091,562,0.044,1031,0.081,823,0.064,405,0.032,706,0.055,490,0.038,987,0.077,1072,0.084,646,0.051,455,0.036,558,0.044,263,0.021,249,0.019,5700,282,0.049,827,0.145,519,0.091,4072,0.714,12754,10398,0.815,1850,0.145,459,0.036,47,0.004,37.5,6.5,0.29,0.21,3094,206,6.7,149,4.8,31,1,25.5,0.8,9,0.3,5,0.2,0,0,17,0.5,538,17.4,15,0.5,1390,44.9
Hamilton,Cincinnati,Bond Hill,7287,586,0.08,6328,0.868,98,0.013,6866,324,0.047,0,0,0.357,1430,269,0.188,3312,440,0.133,50740,623,0.085,5078,4612,0.908,460,0.128,421,0.058,351,0.048,816,0.112,366,0.05,255,0.035,254,0.035,533,0.073,404,0.055,415,0.057,354,0.049,435,0.06,754,0.103,633,0.087,415,0.057,376,0.052,173,0.024,193,0.026,139,0.019,3139,217,0.069,325,0.104,465,0.148,2132,0.679,7223,6227,0.862,901,0.125,66,0.009,29,0.004,12,3.5,0.16,0.2,1780,80.5,4.5,65.5,3.7,15.5,0.9,13,0.7,0,0,0,0,4,0.2,9,0.5,296,16.6,4,0.2,439,24.7
Hamilton,Cincinnati,CUF,17703,13320,0.752,2160,0.122,913,0.052,17580,2214,0.126,156,0.009,0.353,947,145,0.153,5533,315,0.057,45630,1021,0.058,4497,4227,0.94,980,0.144,123,0.007,103,0.006,229,0.013,5627,0.318,7124,0.402,1533,0.087,490,0.028,576,0.033,414,0.023,75,0.004,247,0.014,293,0.017,230,0.013,147,0.008,105,0.006,123,0.007,95,0.005,169,0.01,5839,204,0.035,104,0.018,920,0.158,4611,0.79,17654,8545,0.484,4714,0.267,4071,0.231,324,0.018,9.5,0.5,0.05,0.08,590,55,9.3,37.5,6.4,2,0.3,1.5,0.3,2,0.3,1.5,0.3,10,1.7,6,1,63,10.7,1,0.2,155,26.3
Hamilton,Cincinnati,California,331,302,0.915,0,0,0,0,325,17,0.052,2,0.005,0.113,77,0,0,139,2,0.012,109375,8,0.025,236,236,1,23,0.139,6,0.017,7.8299,0.024,38,0.115,43,0.13,0,0,4,0.012,16,0.049,5,0.015,15,0.045,32,0.097,58,0.175,24,0.072,18,0.054,21,0.065,23,0.069,18,0.054,3,0.009,0,0,143,41,0.289,0,0,45,0.315,56,0.396,331,324,0.98,7,0.02,-0,-0,0,0,0,0,0,0,87,3,3.4,3,3.4,0,0,0,0,0,0,0,0,0,0,0,0,6,6.9,0,0,0,0
Hamilton,Cincinnati,Camp Washington,1151,706,0.613,361,0.314,32,0.028,1121,56,0.05,0,0,0.441,173,36,0.208,461,113,0.245,54122,55,0.048,915,742,0.811,135,0.22,30,0.026,53,0.046,6,0.005,42,0.036,105,0.091,92,0.08,129,0.112,113,0.098,74,0.064,168,0.146,84,0.073,37,0.032,47,0.041,51,0.044,111,0.096,5,0.004,4,0.003,0,0,479,30,0.063,53,0.111,130,0.271,266,0.555,1151,901,0.783,105,0.091,117,0.102,28,0.024,6,0,0.52,0,106,10.5,9.9,9,8.5,0,0,0,0,0,0,0,0,3,2.8,2,1.9,30,28.3,0,0,50,47.2
Hamilton,Cincinnati,Carthage,2759,1323,0.48,983,0.356,607,0.22,2638,533,0.202,54,0.02,0.436,679,121,0.178,1107,329,0.297,32956,307,0.111,1640,1343,0.819,119,0.101,121,0.044,301,0.109,226,0.082,328,0.119,143,0.052,250,0.091,27,0.01,212,0.077,166,0.06,99,0.036,74,0.027,213,0.077,157,0.057,129,0.047,63,0.023,60,0.022,8,0.003,182,0.066,1055,110,0.104,275,0.261,258,0.245,412,0.391,2715,2476,0.912,131,0.048,96,0.035,12,0.004,8,0,0.29,0,821,46.5,5.7,37.5,4.6,2.5,0.3,2.5,0.3,0,0,0,0,11,1.3,5.5,0.7,101,12.3,2,0.2,132,16.1
Hamilton,Cincinnati,Cincinnati,308870,155699,0.504,122384,0.396,14114,0.046,288614,25489,0.088,4406,0.015,0.382,62615,11834,0.189,141033,26684,0.189,49191,22846,0.074,201420,179527,0.891,18699,0.117,20256,0.066,15850,0.051,18083,0.059,23710,0.077,29551,0.096,31474,0.102,26459,0.086,21251,0.069,15901,0.051,15709,0.051,15129,0.049,18100,0.059,17564,0.057,14653,0.047,9586,0.031,6426,0.021,3950,0.013,5218,0.017,141033,15328,0.109,14209,0.101,30093,0.213,81403,0.577,304294,241036,0.792,45633,0.15,15943,0.052,1682,0.006,NA,NA,NA,NA,64714,NA,NA,NA,NA,NA,NA,NA,NA,NA,NA,NA,NA,NA,NA,NA,NA,NA,NA,NA,NA,NA,NA
Hamilton,Cincinnati,Clifton,8311,5755,0.692,1032,0.124,418,0.05,7925,1703,0.215,80,0.01,0.263,1637,19,0.012,4182,232,0.055,67903,419,0.05,5664,5557,0.981,307,0.068,386,0.046,358,0.043,198,0.024,541,0.065,1164,0.14,1095,0.132,831,0.1,505,0.061,546,0.066,286,0.034,319,0.038,374,0.045,618,0.074,321,0.039,288,0.035,261,0.031,88,0.011,132,0.016,4192,444,0.106,66,0.016,1012,0.241,2670,0.637,8253,6725,0.815,862,0.104,383,0.046,283,0.034,2.5,0,0.03,0,1066,48.5,4.6,37.5,3.5,0.5,0,0.5,0,0.5,0,0.5,0,3,0.3,2.5,0.2,106,9.9,1,0.1,154,14.4
Hamilton,Cincinnati,College Hill,15381,5347,0.348,9000,0.585,175,0.011,14476,523,0.036,33,0.002,0.346,3664,618,0.169,6900,1125,0.163,49349,921,0.06,10837,9874,0.911,368,0.052,905,0.059,554.1161999999999,0.036,1265,0.082,1074,0.07,746,0.049,1055,0.069,1158,0.075,763,0.05,731,0.048,796,0.052,1414,0.092,944,0.061,1184,0.077,815,0.053,597,0.039,391,0.025,307,0.02,681,0.044,6761,784,0.116,982,0.145,1369,0.202,3627,0.536,15238,12720,0.835,2061,0.135,439,0.029,18,0.001,12.5,1.5,0.08,0.04,3430,203.5,5.9,145.5,4.2,23.5,0.7,20.5,0.6,1.5,0,1.5,0,30.5,0.9,22,0.6,468,13.6,12,0.3,761,22.2
Hamilton,Cincinnati,Columbia Tusculum,1331,1179,0.886,45,0.034,79,0.059,1213,30,0.025,0,0,0.191,300,0,0,715,34,0.048,107305,41,0.031,1052,1052,1,100,0.123,118,0.089,14,0.011,62,0.047,46,0.035,39,0.029,208,0.156,134,0.101,198,0.149,43,0.032,68,0.051,29,0.022,111,0.083,170,0.128,69,0.052,22,0.017,0,0,0,0,0,0,715,120,0.168,17,0.024,191,0.267,387,0.541,1306,1121,0.858,90,0.069,95,0.073,0,0,0,0,0,0,240,6.5,2.7,6,2.5,0.5,0.2,0.5,0.2,0,0,0,0,0.5,0.2,0.5,0.2,19,7.9,0,0,2,0.8
Hamilton,Cincinnati,Corryville,4593,3139,0.683,486,0.106,158,0.034,4381,638,0.146,193,0.044,0.446,289,45,0.156,1936,99,0.051,28518,165,0.036,1468,1249,0.851,231,0.106,212,0.046,35,0.008,64,0.014,601,0.131,2213,0.482,356,0.078,278,0.061,244,0.053,40,0.009,163,0.035,80,0.017,196,0.043,62,0.013,24,0.005,12,0.003,0,0,0,0,13,0.003,1944,86,0.044,29,0.015,346,0.178,1483,0.763,4490,1858,0.414,1564,0.348,986,0.22,82,0.018,3,0,0.07,0,313,25,8,21,6.7,0.5,0.2,0.5,0.2,1,0.3,1,0.3,5.5,1.8,4,1.3,18,5.8,0,0,38,12.1
Hamilton,Cincinnati,Downtown,5536,3970,0.717,764,0.138,140,0.025,5382,574,0.107,8,0.001,0.238,754,30,0.04,3242,410,0.127,97105,193,0.035,4813,4656,0.967,428,0.108,154,0.028,64,0.012,0,0,0,0,505,0.091,1627,0.294,913,0.165,520,0.094,174,0.031,202,0.036,265,0.048,254,0.046,331,0.06,223,0.04,187,0.034,57,0.01,42,0.008,18,0.003,3521,133,0.038,28,0.008,1063,0.302,2297,0.652,5516,3281,0.595,1317,0.239,855,0.155,63,0.011,16,0.5,0.29,0.23,218,5.5,2.5,5,2.3,0.5,0.2,0.5,0.2,0,0,0,0,0.5,0.2,0.5,0.2,15,6.9,0,0,21,9.6
Hamilton,Cincinnati,East End,1430,1188,0.831,11,0.008,49,0.034,1381,93,0.067,5,0.004,0.275,396,33,0.083,707,85,0.12,88534,108,0.076,1223,1109,0.907,92,0.115,49,0.034,38,0.027,50,0.035,61,0.043,9,0.006,233,0.163,138,0.097,82,0.057,101,0.071,86,0.06,79,0.055,90,0.063,100,0.07,123,0.086,56,0.039,66,0.046,58,0.041,11,0.008,707,46,0.065,41,0.058,331,0.468,289,0.409,1415,1282,0.906,108,0.076,25,0.018,0,0,0,0,0,0,161,9.5,5.9,8,5,0,0,0,0,0.5,0.3,0.5,0.3,2,1.2,1.5,0.9,18,11.2,0,0,14,8.7
Hamilton,Cincinnati,East Price Hill,15908,7270,0.457,6155,0.387,2523,0.159,14316,2238,0.156,904,0.063,0.557,3431,1074,0.313,6027,1831,0.304,39713,2583,0.162,9606,7600,0.791,1133,0.157,1592,0.1,1180,0.074,1487,0.093,1078,0.068,965,0.061,1118,0.07,1434,0.09,913,0.057,779,0.049,746,0.047,954,0.06,1173,0.074,679,0.043,982,0.062,383,0.024,252,0.016,147,0.009,46,0.003,6082,922,0.152,674,0.111,1367,0.225,3119,0.513,15536,13822,0.89,1472,0.095,204,0.013,38,0.002,23.5,3,0.15,0.06,5021,244,4.9,199.5,4,22,0.4,17.5,0.3,3,0.1,3,0.1,41.5,0.8,30,0.6,556,11.1,18,0.4,919,18.3
Hamilton,Cincinnati,East Walnut Hills,4232,3138,0.741,638,0.151,182,0.043,4098,333,0.081,0,0,0.236,813,30,0.037,2467,104,0.042,75608,83,0.02,3509,3362,0.958,183,0.068,134,0.032,93,0.022,179,0.042,91,0.022,226,0.053,500,0.118,504,0.119,358,0.085,224,0.053,99,0.023,180,0.043,219,0.052,336,0.079,270,0.064,380,0.09,206,0.049,105,0.025,128,0.03,2500,135,0.054,78,0.031,595,0.238,1692,0.677,4232,3569,0.843,504,0.119,155,0.037,4,0.001,0,0,0,0,468,18.5,4,15.5,3.3,0.5,0.1,0.5,0.1,0,0,0,0,1,0.2,1,0.2,31,6.6,1,0.2,37,7.9
Hamilton,Cincinnati,East Westwood,2510,338,0.135,2140,0.853,0,0,2398,60,0.025,0,0,0.568,518,159,0.307,1312,491,0.374,22528,577,0.23,1744,1337,0.767,246,0.164,112,0.045,263,0.105,147,0.059,102,0.041,142,0.057,82,0.033,195,0.078,127,0.051,39,0.016,174,0.069,182,0.073,192,0.076,273,0.109,242,0.096,127,0.051,47,0.019,47,0.019,17,0.007,1258,93,0.074,144,0.114,181,0.144,840,0.668,2436,2149,0.882,260,0.107,27,0.011,0,0,5.5,0.5,0.22,0.09,573,24.5,4.3,23,4,4,0.7,4,0.7,1,0.2,1,0.2,1.5,0.3,1,0.2,86,15,1,0.2,205,35.8
Hamilton,Cincinnati,English Woods,396,88,0.222,226,0.571,58,0.146,326,58,0.178,11,0.034,0.504,56,56,1,201,45,0.222,10257,0,0,187,129,0.69,30,0.128,70,0.177,36,0.091,52,0.131,33,0.083,18,0.045,36,0.091,11,0.028,27,0.068,11,0.028,0,0,0,0,49,0.124,44,0.111,9,0.023,0,0,0,0,0,0,0,0,205,0,0,56,0.273,0,0,149,0.727,363,221,0.609,98,0.27,44,0.121,0,0,4.5,0,1.14,0,179,21.5,12,14.5,8.1,2.5,1.4,2.5,1.4,0,0,0,0,4,2.2,3,1.7,34,19,0,0,135,75.4
Hamilton,Cincinnati,Evanston,8042,3321,0.413,4126,0.513,323,0.04,7707,799,0.104,124,0.016,0.266,1393,123,0.088,3131,470,0.15,59048,476,0.059,4725,4197,0.888,783,0.203,335,0.042,170,0.021,434,0.054,1555,0.193,823,0.102,501,0.062,492,0.061,322,0.04,175,0.022,671,0.083,485,0.06,387,0.048,435,0.054,353,0.044,326,0.041,263,0.033,185,0.023,130,0.016,3079,222,0.072,316,0.103,632,0.205,1909,0.62,7972,6333,0.794,851,0.107,766,0.096,22,0.003,6.5,0.5,0.08,0.04,1238,92.5,7.5,73.5,5.9,17,1.4,15,1.2,3.5,0.3,3.5,0.3,21.5,1.7,12,1,238,19.2,9,0.7,413,33.4
Hamilton,Cincinnati,Hartwell,4720,2073,0.439,2165,0.459,337,0.071,4372,770,0.176,130,0.03,0.369,898,160,0.178,2180,228,0.105,63305,578,0.123,3434,3043,0.886,556,0.201,347,0.074,184.0489,0.039,155,0.033,252,0.053,348,0.074,526,0.111,311,0.066,432,0.092,234,0.05,255,0.054,328,0.069,264,0.056,260,0.055,206,0.044,137,0.029,101,0.021,48,0.01,330,0.07,2204,281,0.127,145,0.066,421,0.191,1358,0.616,4656,3288,0.706,1228,0.264,140,0.03,0,0,4,0,0.08,0,871,64.5,7.4,42.5,4.9,5,0.6,4.5,0.5,0.5,0.1,0.5,0.1,14,1.6,6.5,0.7,105,12.1,2,0.2,138,15.8
Hamilton,Cincinnati,Hyde Park,13530,11882,0.878,543,0.04,618,0.046,12717,775,0.061,25,0.002,0.16,3177,61,0.019,6696,111,0.017,127713,424,0.031,9907,9809,0.99,546,0.077,813,0.06,604,0.045,693,0.051,455,0.034,1058,0.078,2170,0.16,1199,0.089,967,0.071,839,0.062,856,0.063,546,0.04,1090,0.081,490,0.036,533,0.039,285,0.021,410,0.03,224,0.017,298,0.022,6580,1239,0.188,162,0.025,1855,0.282,3324,0.505,13354,11332,0.849,1417,0.106,548,0.041,57,0.004,1.5,0.5,0.01,0.02,2465,90.5,3.7,68,2.8,2.5,0.1,2,0.1,1,0,1,0,6,0.2,4.5,0.2,110,4.5,3,0.1,28,1.1
Hamilton,Cincinnati,Kennedy Heights,4289,1217,0.284,2894,0.675,208,0.049,3979,200,0.05,48,0.012,0.307,807,19,0.024,2332,242,0.104,59789,301,0.07,3354,3129,0.933,116,0.049,310,0.072,98.4901,0.023,184,0.043,103,0.024,240,0.056,336,0.078,291,0.068,231,0.054,426,0.099,301,0.07,179,0.042,336,0.078,487,0.113,272,0.064,182,0.042,101,0.024,129,0.03,82,0.019,2232,286,0.128,57,0.026,465,0.209,1423,0.637,4225,3830,0.906,369,0.087,26,0.006,0,0,0.5,0.5,0.01,0.08,655,44,6.7,29.5,4.5,3,0.5,3,0.5,0,0,0,0,1.5,0.2,1.5,0.2,117,17.9,3,0.5,128,19.5
Hamilton,Cincinnati,Linwood,453,424,0.936,0,0,13,0.029,424,26,0.061,3,0.007,0.191,78,8,0.103,206,10,0.048,80086,13,0.029,337,294,0.872,14,0.064,29,0.064,24,0.053,6,0.013,32,0.071,25,0.055,115,0.254,4,0.009,56,0.124,8,0.018,11,0.024,11,0.024,32,0.071,16,0.035,27,0.06,13,0.029,3,0.007,15,0.033,26,0.057,206,19,0.092,0,0,71,0.345,116,0.563,453,385,0.85,55,0.121,13,0.029,0,0,0.5,0,0.11,0,72,11.5,16,7,9.7,2,2.8,2,2.8,0,0,0,0,1.5,2.1,1,1.4,13,18.1,1,1.4,19,26.4
Hamilton,Cincinnati,Lower Price Hill-Queensgate,1158,583,0.503,441,0.381,9,0.008,962,26,0.027,0,0,0.827,215,168,0.781,362,180,0.497,13714,114,0.098,662,399,0.603,133,0.259,196,0.169,46,0.04,75,0.065,95,0.082,84,0.073,107,0.092,85,0.073,83,0.072,40,0.035,35,0.03,38,0.033,40,0.035,162,0.14,57,0.049,15,0.013,0,0,0,0,0,0,380,67,0.176,116,0.305,69,0.182,128,0.337,1134,812,0.716,245,0.216,77,0.068,0,0,5,0,0.43,0,380,20.5,5.4,16,4.2,1.5,0.4,1.5,0.4,0,0,0,0,7,1.8,5,1.3,63,16.6,1,0.3,103,27.1
Hamilton,Cincinnati,Madisonville,10024,5918,0.59,3258,0.325,227,0.023,9457,353,0.037,4,0,0.302,2288,221,0.097,4724,401,0.085,59897,462,0.046,7422,6882,0.927,470,0.088,567,0.057,325.7013,0.032,430,0.043,502,0.05,777,0.078,1480,0.148,975,0.097,675,0.067,381,0.038,532,0.053,533,0.053,550,0.055,478,0.048,709,0.071,291,0.029,221,0.022,276,0.028,323,0.032,4867,440,0.09,412,0.085,1306,0.268,2709,0.557,9882,7986,0.808,1379,0.14,492,0.05,25,0.002,5,1.5,0.05,0.09,1653,86,5.2,64.5,3.9,6,0.4,6,0.4,0,0,0,0,11,0.7,15,0.9,206,12.5,2,0.1,216,13.1
Hamilton,Cincinnati,Millvale,2263,227,0.1,1962,0.867,3,0.001,1882,157,0.083,39,0.021,0.665,642,461,0.718,828,506,0.612,11760,101,0.045,919,780,0.849,174,0.174,381,0.168,277,0.122,383,0.169,77,0.034,226,0.1,125,0.055,102,0.045,111,0.049,127,0.056,94,0.042,60,0.027,126,0.056,95,0.042,63,0.028,0,0,0,0,16,0.007,0,0,828,4,0.005,513,0.62,164,0.198,147,0.178,2051,1700,0.829,334,0.163,0,0,17,0.008,4.5,0,0.2,0,1077,55,5.1,39.5,3.7,7.5,0.7,6,0.6,0,0,0,0,10,0.9,7,0.7,161,14.9,3,0.3,362,33.6
Hamilton,Cincinnati,Mt. Adams,1643,1423,0.866,33,0.02,71,0.043,1625,109,0.067,0,0,0.162,368,0,0,940,0,0,102341,13,0.008,1350,1338,0.991,79,0.075,18,0.011,35,0.021,45,0.027,21,0.013,174,0.106,345,0.21,248,0.151,98,0.06,90,0.055,104,0.063,62,0.038,134,0.082,31,0.019,87,0.053,50,0.03,50,0.03,24,0.015,27,0.016,977,73,0.075,0,0,356,0.364,548,0.561,1625,1179,0.726,300,0.185,139,0.086,7,0.004,0.5,0.5,0.03,0.44,114,2,1.8,2,1.8,0,0,0,0,0,0,0,0,0,0,0,0,0,0,0,0,0,0
Hamilton,Cincinnati,Mt. Airy,8035,2192,0.273,5013,0.624,448,0.056,7426,846,0.114,230,0.031,0.224,1962,503,0.256,3466,914,0.264,28728,442,0.055,4979,4395,0.883,751,0.179,608,0.076,660.9947,0.082,621,0.077,609,0.076,556,0.069,299,0.037,610,0.076,585,0.073,600,0.075,348,0.043,610,0.076,382,0.048,639,0.08,414,0.052,197,0.024,111,0.014,98,0.012,87,0.011,3439,299,0.087,569,0.165,861,0.25,1711,0.498,7841,6743,0.86,897,0.114,201,0.026,0,0,8.5,2.5,0.11,0.11,2261,181,8,125,5.5,19,0.8,17.5,0.8,3.5,0.2,3,0.1,27.5,1.2,17,0.8,366,16.2,8,0.4,629,27.8
Hamilton,Cincinnati,Mt. Auburn,4705,1914,0.407,1997,0.424,164,0.035,4631,651,0.141,175,0.038,0.401,724,147,0.203,2573,416,0.162,42713,335,0.071,3374,2953,0.875,710,0.216,74,0.016,281,0.06,135,0.029,164,0.035,677,0.144,781,0.166,407,0.087,288,0.061,370,0.079,333,0.071,251,0.053,198,0.042,201,0.043,123,0.026,301,0.064,94,0.02,27,0.006,0,0,2583,180,0.07,107,0.041,481,0.186,1815,0.703,4688,2942,0.628,812,0.173,723,0.154,211,0.045,7,1,0.15,0.17,603,42,7,33,5.5,8.5,1.4,7,1.2,1.5,0.2,1,0.2,11,1.8,6.5,1.1,105,17.4,4,0.7,159,26.4
Hamilton,Cincinnati,Mt. Lookout,5420,4761,0.878,54,0.01,180,0.033,5036,136,0.027,25,0.005,0.116,1385,9,0.006,2315,42,0.018,167957,219,0.04,3749,3728,0.994,44,0.019,384,0.071,334,0.062,320,0.059,348,0.064,285,0.053,289,0.053,474,0.087,566,0.104,285,0.053,366,0.068,342,0.063,225,0.042,271,0.05,443,0.082,143,0.026,219,0.04,99,0.018,27,0.005,2332,497,0.213,77,0.033,901,0.386,857,0.367,5303,4674,0.881,451,0.085,175,0.033,3,0.001,0,0,0,0,1193,39,3.3,32,2.7,1.5,0.1,1.5,0.1,0,0,0,0,2,0.2,2,0.2,68,5.7,2,0.2,5,0.4
Hamilton,Cincinnati,Mt. Washington,12754,10872,0.852,949,0.074,165,0.013,12079,400,0.033,27,0.002,0.249,3060,281,0.092,5807,734,0.126,74221,308,0.024,8508,8035,0.944,242,0.04,675,0.053,842.2347,0.066,765,0.06,1049,0.082,914,0.072,834,0.065,918,0.072,747,0.059,1086,0.085,998,0.078,794,0.062,747,0.059,649,0.051,688,0.054,445,0.035,320,0.025,134,0.01,148,0.012,5878,1238,0.211,286,0.049,1365,0.232,2988,0.508,12619,10782,0.854,1478,0.117,358,0.028,0,0,1.5,0,0.01,0,2882,79,2.7,56.5,2,1.5,0.1,1.5,0.1,0.5,0,0.5,0,14,0.5,8,0.3,177,6.1,8,0.3,114,4
Hamilton,Cincinnati,North Avondale-Paddock Hills,4333,2415,0.557,1666,0.384,82,0.019,4136,302,0.073,0,0,0.207,1120,22,0.02,2077,396,0.191,63485,25,0.006,3194,3012,0.943,295,0.127,197,0.045,190,0.044,274,0.063,146,0.034,332,0.077,417,0.096,167,0.039,111,0.026,275,0.063,302,0.07,175,0.04,238,0.055,413,0.095,620,0.143,284,0.066,102,0.024,59,0.014,31,0.007,2037,261,0.128,77,0.038,571,0.28,1128,0.554,4270,3655,0.856,557,0.13,58,0.014,0,0,5,1,0.12,0.13,778,44,5.7,35.5,4.6,5.5,0.7,4.5,0.6,1,0.1,1,0.1,7,0.9,6,0.8,112,14.4,4,0.5,191,24.6
Hamilton,Cincinnati,North Fairmount,1769,244,0.138,1190,0.673,6,0.003,1611,20,0.012,0,0,0.504,503,88,0.175,819,181,0.222,35123,265,0.15,1122,928,0.827,102,0.109,158,0.089,17,0.01,123,0.07,217,0.123,132,0.075,61,0.034,148,0.084,392,0.222,29,0.016,61,0.034,105,0.059,65,0.037,60,0.034,65,0.037,94,0.053,10,0.006,11,0.006,21,0.012,835,36,0.043,133,0.159,110,0.132,556,0.666,1769,1367,0.773,328,0.185,74,0.042,0,0,3.5,0.5,0.2,0.13,374,45.5,12.2,29.5,7.9,3,0.8,3,0.8,1,0.3,1,0.3,12,3.2,8,2.1,105,28.1,1,0.3,216,57.8
Hamilton,Cincinnati,Northside,8200,6102,0.744,1602,0.195,118,0.014,7645,353,0.046,0,0,0.297,1761,159,0.09,4049,457,0.113,69763,644,0.079,6301,5882,0.934,602,0.129,555,0.068,375,0.046,184,0.022,291,0.035,494,0.06,953,0.116,877,0.107,786,0.096,489,0.06,538,0.066,628,0.077,601,0.073,400,0.049,436,0.053,270,0.033,131,0.016,42,0.005,150,0.018,4053,444,0.11,135,0.033,1214,0.3,2260,0.558,8120,6991,0.861,904,0.111,225,0.028,0,0,7,0,0.09,0,1354,64.5,4.8,43.5,3.2,5.5,0.4,4,0.3,1,0.1,1,0.1,11.5,0.8,8.5,0.6,136,10,6,0.4,196,14.5
Hamilton,Cincinnati,Oakley,11371,9620,0.846,780,0.069,511,0.045,10777,614,0.057,80,0.007,0.205,2012,33,0.016,6445,276,0.043,96635,364,0.032,9153,8790,0.96,534,0.075,594,0.052,247,0.022,225,0.02,248,0.022,904,0.08,2385,0.21,1981,0.174,950,0.084,432,0.038,179,0.016,353,0.031,424,0.037,793,0.07,497,0.044,329,0.029,245,0.022,191,0.017,394,0.035,6605,600,0.091,119,0.018,1638,0.248,4248,0.643,11165,7913,0.709,2009,0.18,1181,0.106,62,0.006,2,0,0.02,0,1154,55,4.8,36.5,3.2,1,0.1,0.5,0,0.5,0,0.5,0,3.5,0.3,2.5,0.2,65,5.6,2,0.2,65,5.6
Hamilton,Cincinnati,Over-the-Rhine,5657,3238,0.572,1981,0.35,100,0.018,5411,503,0.093,114,0.021,0.373,916,122,0.133,2976,710,0.239,75017,505,0.089,4308,3850,0.894,1148,0.274,246,0.043,153,0.027,253,0.045,177,0.031,520,0.092,900,0.159,720,0.127,371,0.066,337,0.06,250,0.044,428,0.076,573,0.101,257,0.045,249,0.044,88,0.016,31,0.005,57,0.01,47,0.008,3047,103,0.034,283,0.093,712,0.234,1949,0.64,5636,4006,0.711,1183,0.21,436,0.077,11,0.002,40,6.5,0.71,0.82,795,44.5,5.6,38,4.8,5,0.6,4.5,0.6,1.5,0.2,1.5,0.2,5,0.6,4,0.5,166,20.9,3,0.4,278,35
Hamilton,Cincinnati,Pendleton,1134,752,0.663,341,0.301,31,0.027,1068,4,0.004,0,0,0.31,192,32,0.167,509,72,0.141,76196,82,0.072,802,780,0.973,55,0.091,66,0.058,95,0.084,50,0.044,40,0.035,81,0.071,233,0.205,234,0.206,138,0.122,6,0.005,56,0.049,33,0.029,39,0.034,16,0.014,27,0.024,8,0.007,12,0.011,0,0,0,0,550,45,0.082,63,0.115,127,0.231,315,0.573,1125,909,0.808,146,0.13,61,0.054,9,0.008,4.5,1,0.4,0.4,251,23,9.2,10,4,2.5,1,2.5,1,10.5,4.2,1,0.4,3.5,1.4,2,0.8,26,10.4,0,0,64,25.5
Hamilton,Cincinnati,Pleasant Ridge,7978,5157,0.646,1842,0.231,193,0.024,7521,421,0.056,64,0.009,0.292,1948,281,0.144,3974,449,0.113,69220,381,0.048,5815,5300,0.911,312,0.072,457,0.057,426.3361,0.053,502,0.063,217,0.027,559,0.07,935,0.117,813,0.102,757,0.095,426,0.053,430,0.054,315,0.039,612,0.077,424,0.053,356,0.045,271,0.034,237,0.03,83,0.01,156,0.02,4051,529,0.131,470,0.116,871,0.215,2181,0.538,7883,6820,0.865,645,0.082,417,0.053,0,0,1.5,0,0.02,0,1557,72,4.6,61.5,3.9,5,0.3,5,0.3,2,0.1,1.5,0.1,9.5,0.6,7,0.4,160,10.3,7,0.4,151,9.7
Hamilton,Cincinnati,Riverside,1134,1044,0.921,49,0.043,16,0.014,1076,19,0.018,0,0,0.357,272,18,0.066,414,89,0.215,54580,122,0.108,843,645,0.765,35,0.063,58,0.051,90,0.079,21,0.019,6,0.005,116,0.102,133,0.117,38,0.034,68,0.06,102,0.09,27,0.024,39,0.034,89,0.078,123,0.108,64,0.056,47,0.041,14,0.012,96,0.085,3,0.003,517,86,0.166,14,0.027,189,0.366,228,0.441,1134,955,0.842,149,0.131,30,0.026,0,0,2,0.5,0.18,0.3,169,28.5,16.9,23.5,13.9,1.5,0.9,1,0.6,0,0,0,0,4.5,2.7,4,2.4,63,37.3,1,0.6,87,51.5
Hamilton,Cincinnati,Roll Hill,2503,234,0.093,2050,0.819,219,0.087,1955,115,0.059,12,0.006,0.757,754,588,0.78,861,660,0.767,12294,161,0.064,653,512,0.784,19,0.022,548,0.219,419,0.167,400,0.16,140,0.056,343,0.137,223,0.089,143,0.057,127,0.051,39,0.016,25,0.01,46,0.018,4,0.002,29,0.012,0,0,0,0,17,0.007,0,0,0,0,864,69,0.08,646,0.748,8,0.009,141,0.163,2452,1807,0.737,645,0.263,0,0,0,0,5.5,0.5,0.22,0.03,1444,66,4.6,50,3.5,6.5,0.4,5.5,0.4,0,0,0,0,4,0.3,4.5,0.3,144,10,1,0.1,547,37.9
Hamilton,Cincinnati,Roselawn,7467,884,0.118,6348,0.85,48,0.006,7044,13,0.002,6,0.001,0.486,1708,542,0.318,2948,662,0.225,32849,241,0.032,4826,3479,0.721,320,0.084,423,0.057,385.424,0.052,844,0.113,444,0.06,545,0.073,414,0.055,451,0.06,281,0.038,519,0.069,240,0.032,237,0.032,688,0.092,486,0.065,621,0.083,378,0.051,195,0.026,141,0.019,175,0.023,3473,373,0.108,624,0.18,498,0.143,1977,0.569,7289,6329,0.868,804,0.11,156,0.021,0,0,23,4,0.31,0.21,1887,80,4.2,54.5,2.9,5,0.3,5,0.3,0,0,0,0,15,0.8,9.5,0.5,249,13.2,7,0.4,414,21.9
Hamilton,Cincinnati,Sayler Park,2902,2614,0.901,125,0.043,96,0.033,2727,41,0.015,0,0,0.326,826,118,0.143,1287,248,0.193,72486,138,0.048,2076,1880,0.906,120,0.092,175,0.06,138,0.048,264,0.091,160,0.055,89,0.031,211,0.073,196,0.068,246,0.085,177,0.061,194,0.067,136,0.047,229,0.079,225,0.078,185,0.064,132,0.045,72,0.025,12,0.004,61,0.021,1186,196,0.165,131,0.11,467,0.394,392,0.331,2846,2343,0.823,496,0.174,7,0.002,0,0,0.5,0,0.02,0,710,15.5,2.2,13,1.8,1.5,0.2,1.5,0.2,0.5,0.1,0.5,0.1,2.5,0.4,2.5,0.4,45,6.3,1,0.1,38,5.4
Hamilton,Cincinnati,Sedamsville,1431,938,0.655,217,0.152,47,0.033,1246,40,0.032,0,0,0.571,289,95,0.329,530,108,0.204,44167,202,0.141,857,642,0.749,103,0.169,185,0.129,38,0.027,130,0.091,74,0.052,147,0.103,116,0.081,60,0.042,139,0.097,82,0.057,52,0.036,50,0.035,66,0.046,105,0.073,68,0.048,30,0.021,15,0.01,5,0.003,69,0.048,506,97,0.192,43,0.085,112,0.221,254,0.502,1383,908,0.657,451,0.326,0,0,24,0.017,1.5,0,0.1,0,408,6,1.5,5,1.2,0,0,0,0,0,0,0,0,2,0.5,1.5,0.4,22,5.4,0,0,23,5.6
Hamilton,Cincinnati,South Cumminsville,845,228,0.27,562,0.665,0,0,845,32,0.038,0,0,0.665,115,63,0.548,354,217,0.612,NA,36,0.043,453,425,0.938,67,0.159,0,0,68,0.08,151,0.179,92,0.109,81,0.096,0,0,67,0.079,142,0.168,12,0.014,15,0.018,55,0.065,17,0.02,36,0.043,15,0.018,56,0.066,20,0.024,0,0,18,0.021,354,8,0.023,90,0.254,0,0,256,0.723,845,591,0.699,254,0.301,0,0,0,0,5.5,0.5,0.65,0.18,282,9,3.2,8,2.8,1,0.4,1,0.4,0,0,0,0,0.5,0.2,0.5,0.2,39,13.8,0,0,71,25.2
Hamilton,Cincinnati,South Fairmount,1926,862,0.448,811,0.421,142,0.074,1771,16,0.009,0,0,0.524,312,98,0.314,879,317,0.361,28235,179,0.093,1261,1095,0.868,204,0.187,155,0.08,139,0.072,103,0.053,162,0.084,106,0.055,178,0.092,150,0.078,215,0.112,22,0.011,116,0.06,113,0.059,106,0.055,132,0.069,110,0.057,75,0.039,20,0.01,10,0.005,14,0.007,888,83,0.093,67,0.075,171,0.193,567,0.639,1897,1532,0.808,297,0.157,68,0.036,0,0,6,1.5,0.31,0.32,474,30,6.3,24,5.1,3,0.6,3,0.6,0.5,0.1,0.5,0.1,2,0.4,3.5,0.7,69,14.6,1,0.2,167,35.2
Hamilton,Cincinnati,Spring Grove Village,2220,738,0.332,1192,0.537,150,0.068,2132,165,0.077,51,0.024,0.395,494,36,0.073,885,233,0.263,45961,180,0.081,1444,1210,0.838,82,0.082,88,0.04,258,0.116,104,0.047,216,0.097,110,0.05,144,0.065,115,0.052,198,0.089,155,0.07,107,0.048,181,0.082,147,0.066,135,0.061,140,0.063,51,0.023,46,0.021,23,0.01,2,0.001,922,81,0.088,126,0.137,242,0.262,473,0.513,2201,1855,0.843,303,0.138,31,0.014,12,0.005,3,0,0.14,0,515,24.5,4.8,18.5,3.6,2.5,0.5,2.5,0.5,0,0,0,0,3.5,0.7,2.5,0.5,69,13.4,1,0.2,107,20.8
Hamilton,Cincinnati,Walnut Hills,6431,2393,0.372,3210,0.499,226,0.035,6121,273,0.045,47,0.008,0.478,1078,259,0.24,3661,1330,0.363,47020,382,0.059,4966,4060,0.818,819,0.182,310,0.048,301,0.047,63,0.01,348,0.054,443,0.069,951,0.148,584,0.091,415,0.065,402,0.063,375,0.058,387,0.06,456,0.071,380,0.059,508,0.079,235,0.037,102,0.016,64,0.01,107,0.017,3677,264,0.072,159,0.043,663,0.18,2591,0.705,6422,4643,0.723,1364,0.212,327,0.051,88,0.014,12.5,1,0.19,0.12,860,85.5,9.9,58.5,6.8,6,0.7,5,0.6,0.5,0.1,0.5,0.1,7.5,0.9,6.5,0.8,177,20.6,4,0.5,321,37.3
Hamilton,Cincinnati,West End,7486,1617,0.216,5222,0.698,139,0.019,6631,464,0.07,2,0,0.591,1589,752,0.473,3338,1745,0.523,29452,589,0.079,4555,3908,0.858,609,0.153,855,0.114,856,0.114,394,0.053,621,0.083,205,0.027,557,0.074,1034,0.138,520,0.069,242,0.032,537,0.072,280,0.037,267,0.036,435,0.058,306,0.041,200,0.027,59,0.008,46,0.006,72,0.01,3364,131,0.039,904,0.269,389,0.116,1940,0.577,7342,5913,0.805,1104,0.15,317,0.043,8,0.001,41,6.5,0.55,0.28,2339,108.5,4.6,82,3.5,22,0.9,15,0.6,2,0.1,1.5,0.1,12.5,0.5,9.5,0.4,319,13.6,5,0.2,701,30
Hamilton,Cincinnati,West Price Hill,17731,10385,0.586,5629,0.317,1314,0.074,16763,1565,0.093,301,0.018,0.404,3833,493,0.129,7178,1764,0.246,50320,1994,0.112,11036,9324,0.845,793,0.101,968,0.055,1273.1752999999999,0.072,1708,0.096,1489,0.084,1257,0.071,1167,0.066,1165,0.066,1351,0.076,1230,0.069,1119,0.063,864,0.049,1253,0.071,1136,0.064,623,0.035,464,0.026,331,0.019,145,0.008,188,0.011,7084,1329,0.188,736,0.104,1584,0.224,3435,0.485,17579,15456,0.879,1701,0.097,379,0.022,43,0.002,13,1.5,0.07,0.03,4992,296.5,5.9,211.5,4.2,12,0.2,11,0.2,3,0.1,3,0.1,0,0,36,0.7,616,12.3,19,0.4,1117,22.4
Hamilton,Cincinnati,Westwood,32479,11305,0.348,18081,0.557,1371,0.042,29067,4910,0.169,1263,0.043,0.408,7184,1432,0.199,14319,3013,0.21,46548,3042,0.094,21605,18822,0.871,1616,0.102,3412,0.105,1979.6893999999998,0.061,1953,0.06,1897,0.058,1633,0.05,3648,0.112,3055,0.094,2950,0.091,2062,0.063,1909,0.059,1504,0.046,1857,0.057,1379,0.042,1244,0.038,884,0.027,544,0.017,252,0.008,315,0.01,14232,2294,0.161,1713,0.12,2704,0.19,7522,0.529,31744,25372,0.799,5765,0.182,493,0.016,115,0.004,24.5,3.5,0.08,0.04,8732,458.5,5.3,333,3.8,29,0.3,26.5,0.3,9.5,0.1,8,0.1,0,0,47,0.5,1104,12.6,24,0.3,1997,22.9
Hamilton,Cincinnati,Winton Hills,6741,358,0.053,5739,0.851,355,0.053,5649,49,0.009,0,0,0.64,1565,1096,0.7,2662,1379,0.518,18744,533,0.079,2996,2432,0.812,47,0.017,1092,0.162,800,0.119,817,0.121,609,0.09,427,0.063,1103,0.164,577,0.086,185,0.027,144,0.021,210,0.031,0,0,105,0.016,282,0.042,126,0.019,114,0.017,82,0.012,23,0.003,45,0.007,2746,60,0.022,1323,0.482,120,0.044,1243,0.453,6344,5561,0.877,740,0.117,0,0,43,0.007,16.5,2.5,0.24,0.08,3304,108.5,3.3,85,2.6,12,0.4,11,0.3,2.5,0.1,2.5,0.1,20,0.6,13,0.4,402,12.2,11,0.3,689,20.9
Hamilton,Colerain Township,Colerain Township,59058,37269,0.631,15118,0.256,1131,0.019,55697,3263,0.059,839,0.015,0.262,15647,861,0.055,23189,2426,0.105,69569,2995,0.051,41230,37942,0.92,1464,0.059,3361,0.057,4011,0.068,4388,0.074,2913,0.049,3155,0.053,4326,0.073,4082,0.069,3538,0.06,2987,0.051,3414,0.058,3643,0.062,4940,0.084,4857,0.082,2956,0.05,2563,0.043,1435,0.024,1225,0.021,1264,0.021,23189,3918,0.169,1908,0.082,8343,0.36,9020,0.389,58337,52553,0.901,4544,0.078,1138,0.02,102,0.002,NA,NA,NA,NA,13453,642,4.8,477.5,3.5,35.5,0.3,31,0.2,9,0.1,8.5,0.1,51.5,0.4,80,0.6,1589,11.8,65,0.5,1779,13.2
Hamilton,Columbia Township,Columbia Township,4273,2708,0.634,1268,0.297,216,0.051,3898,259,0.066,0,0,0.218,858,151,0.176,1913,138,0.072,54316,289,0.068,2945,2753,0.935,0,0,375,0.088,151,0.035,214,0.05,165,0.039,423,0.099,523,0.122,392,0.092,403,0.094,122,0.029,155,0.036,118,0.028,420,0.098,242,0.057,155,0.036,240,0.056,52,0.012,73,0.017,50,0.012,1913,268,0.14,81,0.042,466,0.244,1098,0.574,4246,3468,0.817,532,0.125,212,0.05,34,0.008,NA,NA,NA,NA,861,28.5,3.3,21.5,2.5,0.5,0.1,0.5,0.1,0,0,0,0,4.5,0.5,3,0.3,63,7.3,2,0.2,44,5.1
Hamilton,Crosby Township,Crosby Township,5856,5580,0.953,0,0,57,0.01,5533,354,0.064,0,0,0.156,1750,29,0.017,2168,14,0.006,122895,12,0.002,4050,3858,0.953,108,0.047,323,0.055,531,0.091,590,0.101,179,0.031,183,0.031,322,0.055,421,0.072,586,0.1,632,0.108,366,0.062,333,0.057,504,0.086,112,0.019,397,0.068,101,0.017,92,0.016,113,0.019,71,0.012,2168,697,0.321,44,0.02,923,0.426,504,0.232,5839,5334,0.914,439,0.075,66,0.011,0,0,NA,NA,NA,NA,1571,58.5,3.7,36,2.3,3.5,0.2,3.5,0.2,0,0,0,0,6,0.4,4.5,0.3,114,7.3,2,0.1,22,1.4
Hamilton,Deer Park,Deer Park,5399,5155,0.955,103,0.019,37,0.007,4980,136,0.027,21,0.004,0.23,1425,117,0.082,2590,78,0.03,77710,206,0.038,4181,3987,0.954,177,0.064,419,0.078,123,0.023,206,0.038,228,0.042,242,0.045,484,0.09,490,0.091,335,0.062,287,0.053,265,0.049,333,0.062,468,0.087,526,0.097,415,0.077,291,0.054,111,0.021,28,0.005,148,0.027,2590,349,0.135,156,0.06,983,0.38,1102,0.425,5216,4723,0.905,399,0.076,74,0.014,20,0.004,NA,NA,NA,NA,934,51.5,5.5,38.5,4.1,0.5,0.1,0.5,0.1,2.5,0.3,1.5,0.2,7,0.7,6.5,0.7,84,9,3,0.3,42,4.5
Hamilton,Delhi Township,Delhi Township,28740,25864,0.9,1479,0.051,707,0.025,27148,1494,0.055,224,0.008,0.231,7438,470,0.063,10711,604,0.056,80454,1626,0.057,19228,17773,0.924,429,0.039,1592,0.055,1709,0.059,2395,0.083,2204,0.077,1612,0.056,1682,0.059,1992,0.069,1949,0.068,1593,0.055,1481,0.052,1875,0.065,1954,0.068,1598,0.056,1465,0.051,1317,0.046,897,0.031,534,0.019,891,0.031,10711,2687,0.251,554,0.052,3846,0.359,3624,0.338,28412,25366,0.893,2298,0.081,685,0.024,63,0.002,NA,NA,NA,NA,7036,289,4.1,208.5,3,7.5,0.1,6.5,0.1,1.5,0,1,0,0,0,36,0.5,558,7.9,15,0.2,412,5.9
Hamilton,Elmwood Place,Elmwood Place,2312,2019,0.873,109,0.047,37,0.016,2261,29,0.013,5,0.002,0.509,440,81,0.184,770,316,0.41,36773,240,0.104,1334,1044,0.783,190,0.198,51,0.022,151,0.065,352,0.152,256,0.111,168,0.073,155,0.067,171,0.074,116,0.05,50,0.022,124,0.054,156,0.067,124,0.054,63,0.027,173,0.075,121,0.052,52,0.022,11,0.005,18,0.008,770,94,0.122,81,0.105,99,0.129,496,0.644,2279,2048,0.899,231,0.101,0,0,0,0,NA,NA,NA,NA,689,42.5,6.2,25.5,3.7,6,0.9,4,0.6,0.5,0.1,0.5,0.1,8,1.2,4.5,0.7,77,11.2,3,0.4,111,16.1
Hamilton,Evendale,Evendale,2663,2172,0.816,110,0.041,76,0.029,2551,258,0.101,45,0.018,0.138,822,14,0.017,947,53,0.056,158618,172,0.065,1871,1822,0.974,31,0.032,112,0.042,206,0.077,149,0.056,231,0.087,94,0.035,32,0.012,52,0.02,200,0.075,143,0.054,218,0.082,142,0.053,194,0.073,251,0.094,282,0.106,142,0.053,95,0.036,72,0.027,48,0.018,947,255,0.269,24,0.025,517,0.546,151,0.159,2656,2519,0.948,84,0.032,53,0.02,0,0,NA,NA,NA,NA,630,26.5,4.2,13,2.1,0,0,0,0,0,0,0,0,1.5,0.2,1.5,0.2,22,3.5,0,0,7,1.1
Hamilton,Fairfax,Fairfax,1661,1537,0.925,66,0.04,79,0.048,1605,58,0.036,0,0,0.219,439,12,0.027,733,31,0.042,70750,67,0.04,1140,1076,0.944,19,0.025,56,0.034,111,0.067,160,0.096,121,0.073,73,0.044,127,0.076,150,0.09,112,0.067,111,0.067,155,0.093,96,0.058,95,0.057,91,0.055,51,0.031,46,0.028,32,0.019,36,0.022,38,0.023,733,111,0.151,102,0.139,212,0.289,308,0.42,1656,1509,0.911,124,0.075,16,0.01,7,0.004,NA,NA,NA,NA,393,20.5,5.2,15.5,3.9,0.5,0.1,0.5,0.1,1,0.3,1,0.3,1.5,0.4,1,0.3,32,8.1,2,0.5,3,0.8
Hamilton,Forest Park,Forest Park,20005,5511,0.275,11023,0.551,2302,0.115,19038,3455,0.181,1014,0.053,0.29,4867,276,0.057,7828,567,0.072,63690,1849,0.092,14036,12607,0.898,149,0.019,967,0.048,944,0.047,1209,0.06,1317,0.066,1532,0.077,1523,0.076,1542,0.077,1341,0.067,1240,0.062,975,0.049,1594,0.08,1102,0.055,1142,0.057,1143,0.057,1074,0.054,743,0.037,499,0.025,118,0.006,7828,1031,0.132,716,0.091,2206,0.282,3875,0.495,19827,17468,0.881,2024,0.102,239,0.012,96,0.005,NA,NA,NA,NA,3870,250,6.5,185.5,4.8,17,0.4,15.5,0.4,2,0.1,2,0.1,19,0.5,29.5,0.8,676,17.5,18,0.5,770,19.9
Hamilton,Glendale,Glendale,2154,1609,0.747,418,0.194,41,0.019,2053,43,0.021,0,0,0.225,567,47,0.083,926,31,0.033,100313,100,0.046,1512,1478,0.978,116,0.111,101,0.047,72,0.033,174,0.081,151,0.07,144,0.067,45,0.021,66,0.031,129,0.06,95,0.044,143,0.066,154,0.071,156,0.072,134,0.062,189,0.088,179,0.083,119,0.055,73,0.034,30,0.014,926,186,0.201,7,0.008,377,0.407,356,0.384,2120,1918,0.905,140,0.066,43,0.02,19,0.009,NA,NA,NA,NA,441,14,3.2,12.5,2.8,0,0,0,0,0,0,0,0,3.5,0.8,2.5,0.6,34,7.7,1,0.2,13,2.9
Hamilton,Golf Manor,Golf Manor,3786,1093,0.289,2260,0.597,78,0.021,3598,334,0.093,89,0.025,0.328,912,82,0.09,1699,345,0.203,48677,222,0.059,2780,2532,0.911,83,0.047,188,0.05,261,0.069,312,0.082,113,0.03,132,0.035,263,0.069,365,0.096,240,0.063,275,0.073,317,0.084,209,0.055,268,0.071,207,0.055,222,0.059,225,0.059,94,0.025,49,0.013,46,0.012,1699,300,0.177,139,0.082,383,0.225,877,0.516,3759,3637,0.968,103,0.027,9,0.002,10,0.003,NA,NA,NA,NA,874,61.5,7,42.5,4.9,3.5,0.4,3,0.3,1,0.1,1,0.1,8.5,1,6.5,0.7,149,17,2,0.2,174,19.9
Hamilton,Green Township,Green Township,60019,53421,0.89,3546,0.059,800,0.013,55790,2200,0.039,212,0.004,0.199,15910,557,0.035,23896,1225,0.051,84579,1778,0.03,40719,38851,0.954,921,0.037,4229,0.07,4621,0.077,4072,0.068,3986,0.066,2392,0.04,3280,0.055,4034,0.067,4494,0.075,3066,0.051,3227,0.054,4221,0.07,3731,0.062,3526,0.059,3436,0.057,2772,0.046,1969,0.033,1605,0.027,1358,0.023,23896,6013,0.252,1183,0.05,7943,0.332,8757,0.366,59184,53042,0.896,5479,0.093,637,0.011,26,0,NA,NA,NA,NA,15669,518.5,3.3,369,2.4,17.5,0.1,14,0.1,6.5,0,6,0,0,0,55,0.4,937,6,46,0.3,661,4.2
Hamilton,Greenhills,Greenhills,3703,2737,0.739,602,0.163,132,0.036,3475,124,0.036,10,0.003,0.246,903,70,0.078,1491,117,0.078,71979,194,0.052,2465,2333,0.946,52,0.034,228,0.062,276,0.075,277,0.075,179,0.048,278,0.075,109,0.029,338,0.091,280,0.076,252,0.068,117,0.032,235,0.063,273,0.074,255,0.069,196,0.053,82,0.022,80,0.022,55,0.015,193,0.052,1491,292,0.196,108,0.072,427,0.286,664,0.445,3689,3496,0.948,182,0.049,11,0.003,0,0,NA,NA,NA,NA,900,41,4.6,27.5,3.1,1,0.1,0.5,0.1,1,0.1,1,0.1,4,0.4,2.5,0.3,93,10.3,4,0.4,120,13.3
Hamilton,Harrison Township,Harrison Township,14460,13723,0.949,171,0.012,239,0.017,13758,263,0.019,10,0.001,0.201,3944,105,0.027,5741,308,0.054,88564,286,0.02,10290,9479,0.921,352,0.058,702,0.049,951,0.066,1196,0.083,763,0.053,558,0.039,687,0.048,1288,0.089,930,0.064,955,0.066,718,0.05,1198,0.083,808,0.056,1123,0.078,725,0.05,837,0.058,456,0.032,219,0.015,346,0.024,5741,1257,0.219,280,0.049,2264,0.394,1940,0.338,14327,12983,0.906,1238,0.086,106,0.007,0,0,NA,NA,NA,NA,3277,196,6,128.5,3.9,8,0.2,6,0.2,1,0,1,0,33.5,1,22,0.7,267,8.1,8,0.2,90,2.7
Hamilton,Indian Hill,Indian Hill,6051,5403,0.893,45,0.007,94,0.016,5859,553,0.094,60,0.01,0.09,2191,0,0,2421,39,0.016,218073,97,0.016,4638,4576,0.987,53,0.021,192,0.032,377,0.062,573,0.095,188,0.031,83,0.014,93,0.015,187,0.031,141,0.023,406,0.067,403,0.067,370,0.061,683,0.113,564,0.093,468,0.077,446,0.074,613,0.101,83,0.014,181,0.03,2421,560,0.231,39,0.016,1542,0.637,280,0.116,6006,5189,0.864,549,0.091,256,0.043,12,0.002,NA,NA,NA,NA,1312,23,1.8,22,1.7,1,0.1,1,0.1,0,0,0,0,3,0.2,3,0.2,102,7.8,2,0.2,2,0.2
Hamilton,Lincoln Heights,Lincoln Heights,3140,248,0.079,2593,0.826,0,0,2548,22,0.009,0,0,0.666,735,485,0.66,1221,798,0.654,14676,127,0.04,1664,1486,0.893,230,0.159,592,0.189,284,0.09,412,0.131,20,0.006,168,0.054,299,0.095,222,0.071,212,0.068,71,0.023,30,0.01,95,0.03,152,0.048,231,0.074,125,0.04,77,0.025,113,0.036,17,0.005,20,0.006,1221,102,0.084,399,0.327,115,0.094,605,0.495,3058,2787,0.911,188,0.061,83,0.027,0,0,NA,NA,NA,NA,1308,93.5,7.1,53.5,4.1,5,0.4,5,0.4,1.5,0.1,1,0.1,16.5,1.3,7,0.5,171,13.1,1,0.1,229,17.5
Hamilton,Lockland,Lockland,3497,2143,0.613,1227,0.351,0,0,3247,240,0.074,115,0.035,0.384,828,232,0.28,1499,221,0.147,44770,162,0.046,2318,1944,0.839,185,0.11,250,0.071,260,0.074,76,0.022,59,0.017,534,0.153,154,0.044,143,0.041,196,0.056,145,0.041,146,0.042,113,0.032,423,0.121,343,0.098,177,0.051,142,0.041,53,0.015,184,0.053,99,0.028,1499,45,0.03,228,0.152,355,0.237,871,0.581,3403,2937,0.863,236,0.069,16,0.005,214,0.063,NA,NA,NA,NA,613,45.5,7.4,31,5.1,3.5,0.6,2.5,0.4,0,0,0,0,6.5,1.1,4,0.7,98,16,1,0.2,125,20.4
Hamilton,Loveland,Loveland,13247,11327,0.855,819,0.062,710,0.054,12608,1353,0.107,365,0.029,0.192,3734,343,0.092,5094,516,0.101,83192,564,0.043,8933,8624,0.965,365,0.067,639,0.048,1144,0.086,963,0.073,1184,0.089,384,0.029,889,0.067,1006,0.076,719,0.054,689,0.052,802,0.061,1160,0.088,766,0.058,726,0.055,880,0.066,695,0.052,300,0.023,138,0.01,163,0.012,5094,1319,0.259,370,0.073,1815,0.356,1590,0.312,13149,11836,0.9,949,0.072,364,0.028,0,0,NA,NA,NA,NA,3537,145.5,4.1,102,2.9,4,0.1,3,0.1,0,0,0,0,26.5,0.7,19,0.5,221,6.2,8,0.2,48,1.4
Hamilton,Madeira,Madeira,9426,8462,0.898,79,0.008,345,0.037,8630,641,0.074,0,0,0.126,2611,27,0.01,3324,126,0.038,159321,70,0.007,6198,6113,0.986,250,0.07,796,0.084,842,0.089,672,0.071,722,0.077,196,0.021,129,0.014,683,0.072,640,0.068,955,0.101,463,0.049,499,0.053,826,0.088,461,0.049,624,0.066,466,0.049,64,0.007,250,0.027,138,0.015,3324,1294,0.389,142,0.043,1146,0.345,742,0.223,9353,8748,0.935,373,0.04,232,0.025,0,0,NA,NA,NA,NA,2783,103.5,3.7,71.5,2.6,2.5,0.1,2.5,0.1,0,0,0,0,6.5,0.2,4.5,0.2,179,6.4,0,0,21,0.8
Hamilton,Mariemont,Mariemont,3493,3335,0.955,97,0.028,0,0,3237,70,0.022,30,0.009,0.129,874,0,0,1410,62,0.044,135326,15,0.004,2359,2339,0.992,193,0.12,256,0.073,157,0.045,302,0.086,341,0.098,78,0.022,98,0.028,330,0.094,290,0.083,214,0.061,347,0.099,238,0.068,187,0.054,140,0.04,110,0.031,169,0.048,150,0.043,55,0.016,31,0.009,1410,451,0.32,35,0.025,440,0.312,484,0.343,3464,2948,0.851,484,0.14,32,0.009,0,0,NA,NA,NA,NA,953,31,3.3,24,2.5,0.5,0.1,0.5,0.1,0,0,0,0,3,0.3,2.5,0.3,52,5.5,2,0.2,12,1.3
Hamilton,Miami Township,Miami Township,15895,15053,0.947,192,0.012,174,0.011,14910,210,0.014,0,0,0.211,4378,126,0.029,5681,402,0.071,107250,643,0.04,10795,9922,0.919,279,0.047,985,0.062,1177,0.074,1124,0.071,899,0.057,915,0.058,927,0.058,699,0.044,918,0.058,1007,0.063,1064,0.067,1150,0.072,1291,0.081,1010,0.064,906,0.057,648,0.041,737,0.046,276,0.017,162,0.01,5681,1591,0.28,184,0.032,2432,0.428,1474,0.259,15644,14063,0.899,1484,0.095,97,0.006,0,0,NA,NA,NA,NA,3948,150,3.8,93,2.4,3,0.1,2.5,0.1,3,0.1,2.5,0.1,29.5,0.7,14,0.4,249,6.3,8,0.2,57,1.4
Hamilton,Montgomery,Montgomery,10816,9817,0.908,146,0.013,470,0.043,10006,612,0.061,11,0.001,0.128,2878,29,0.01,4029,18,0.004,142244,82,0.008,7416,7336,0.989,137,0.033,810,0.075,1131,0.105,672,0.062,560,0.052,227,0.021,251,0.023,329,0.03,692,0.064,764,0.071,560,0.052,592,0.055,991,0.092,773,0.071,874,0.081,492,0.045,332,0.031,245,0.023,521,0.048,4029,1203,0.299,99,0.025,1530,0.38,1197,0.297,10701,10161,0.95,340,0.032,157,0.015,43,0.004,NA,NA,NA,NA,2947,87,3,63.5,2.2,1.5,0.1,1,0,0,0,0,0,3.5,0.1,3,0.1,169,5.7,6,0.2,21,0.7
Hamilton,Mount Healthy,Mount Healthy,6949,3465,0.499,3288,0.473,138,0.02,6505,230,0.035,33,0.005,0.348,1776,252,0.142,2985,605,0.203,44471,464,0.067,4867,4506,0.926,265,0.082,444,0.064,293,0.042,565,0.081,362,0.052,418,0.06,596,0.086,526,0.076,267,0.038,243,0.035,538,0.077,383,0.055,589,0.085,312,0.045,453,0.065,351,0.051,328,0.047,106,0.015,175,0.025,2985,317,0.106,393,0.132,660,0.221,1615,0.541,6817,5947,0.872,828,0.121,42,0.006,0,0,NA,NA,NA,NA,1515,100.5,6.6,70.5,4.7,8.5,0.6,7.5,0.5,2.5,0.2,2,0.1,22,1.5,14.5,1,271,17.9,6,0.4,371,24.5
Hamilton,Newtown,Newtown,2691,2507,0.932,73,0.027,16,0.006,2535,160,0.063,9,0.004,0.174,728,16,0.022,1129,37,0.033,90339,85,0.032,1885,1785,0.947,99,0.081,156,0.058,214,0.08,145,0.054,203,0.075,88,0.033,140,0.052,162,0.06,206,0.077,244,0.091,126,0.047,172,0.064,147,0.055,122,0.045,322,0.12,142,0.053,29,0.011,27,0.01,46,0.017,1129,298,0.264,30,0.027,404,0.358,397,0.352,2647,2361,0.892,173,0.065,102,0.039,11,0.004,NA,NA,NA,NA,675,29.5,4.4,22,3.3,0.5,0.1,0.5,0.1,0.5,0.1,0.5,0.1,10.5,1.6,8,1.2,33,4.9,1,0.1,7,1
Hamilton,North College Hill,North College Hill,9602,3233,0.337,5793,0.603,44,0.005,9308,135,0.015,9,0.001,0.374,2265,471,0.208,3753,707,0.188,51971,424,0.044,6511,5630,0.865,430,0.103,294,0.031,967,0.101,816,0.085,520,0.054,494,0.051,956,0.1,1028,0.107,522,0.054,419,0.044,574,0.06,634,0.066,474,0.049,585,0.061,683,0.071,143,0.015,150,0.016,114,0.012,229,0.024,3753,521,0.139,478,0.127,860,0.229,1894,0.505,9586,7826,0.816,1562,0.163,198,0.021,0,0,NA,NA,NA,NA,2392,130.5,5.5,94.5,4,13.5,0.6,12,0.5,1.5,0.1,1.5,0.1,8,0.3,14,0.6,363,15.2,11,0.5,514,21.5
Hamilton,Norwood,Norwood,19018,15172,0.798,2711,0.143,1037,0.055,17969,1378,0.077,129,0.007,0.343,3745,376,0.1,8638,1003,0.116,58095,1996,0.105,13255,11909,0.898,949,0.099,1049,0.055,947,0.05,1005,0.053,514,0.027,2248,0.118,2618,0.138,1612,0.085,1364,0.072,1184,0.062,952,0.05,1139,0.06,870,0.046,1028,0.054,914,0.048,553,0.029,454,0.024,280,0.015,287,0.015,8638,1176,0.136,449,0.052,2285,0.265,4728,0.547,18808,15265,0.812,2797,0.149,703,0.037,43,0.002,NA,NA,NA,NA,3237,193.5,6,125.5,3.9,7,0.2,6.5,0.2,2.5,0.1,2.5,0.1,0,0,17.5,0.5,307,9.5,8,0.2,368,11.4
Hamilton,Reading,Reading,10527,8917,0.847,756,0.072,445,0.042,9953,626,0.063,31,0.003,0.276,2579,155,0.06,4920,587,0.119,59966,527,0.05,7712,7056,0.915,229,0.044,574,0.055,661,0.063,398,0.038,695,0.066,487,0.046,836,0.079,696,0.066,551,0.052,681,0.065,709,0.067,535,0.051,990,0.094,923,0.088,527,0.05,599,0.057,292,0.028,179,0.017,194,0.018,4920,760,0.154,252,0.051,1535,0.312,2373,0.482,10444,8767,0.839,1443,0.138,203,0.019,31,0.003,NA,NA,NA,NA,2052,111,5.4,89,4.3,3.5,0.2,3.5,0.2,1,0,1,0,15,0.7,12,0.6,205,10,10,0.5,130,6.3
Hamilton,Sharonville,Sharonville,11492,9048,0.787,1133,0.099,296,0.026,10746,847,0.079,115,0.011,0.246,2885,168,0.058,5825,172,0.03,69049,660,0.057,9056,8373,0.925,419,0.067,746,0.065,260,0.023,309,0.027,610,0.053,511,0.044,743,0.065,1043,0.091,754,0.066,295,0.026,467,0.041,614,0.053,1411,0.123,1001,0.087,953,0.083,463,0.04,264,0.023,335,0.029,713,0.062,5825,810,0.139,225,0.039,1716,0.295,3074,0.528,11356,9825,0.865,1340,0.118,177,0.016,14,0.001,NA,NA,NA,NA,1621,118,7.3,80,4.9,5,0.3,4.5,0.3,3,0.2,2,0.1,17.5,1.1,11.5,0.7,149,9.2,4,0.2,160,9.9
Hamilton,Silverton,Silverton,4883,2156,0.442,2193,0.449,274,0.056,4620,252,0.055,105,0.023,0.317,1031,90,0.087,2425,162,0.067,50489,300,0.061,3879,3594,0.927,288,0.106,263,0.054,129,0.026,236,0.048,263,0.054,113,0.023,506,0.104,422,0.086,453,0.093,180,0.037,285,0.058,137,0.028,297,0.061,513,0.105,440,0.09,251,0.051,110,0.023,177,0.036,108,0.022,2425,212,0.087,160,0.066,662,0.273,1391,0.574,4780,4209,0.881,506,0.106,55,0.012,10,0.002,NA,NA,NA,NA,863,39,4.5,30,3.5,2.5,0.3,2.5,0.3,0,0,0,0,3.5,0.4,3,0.3,90,10.4,2,0.2,87,10.1
Hamilton,Springdale,Springdale,10991,5350,0.487,4190,0.381,1449,0.132,10135,2010,0.198,797,0.079,0.323,2689,268,0.1,4138,396,0.096,70405,1087,0.099,7461,6371,0.854,378,0.084,856,0.078,335,0.03,838,0.076,781,0.071,720,0.066,616,0.056,559,0.051,808,0.074,702,0.064,565,0.051,717,0.065,667,0.061,728,0.066,467,0.042,390,0.035,315,0.029,308,0.028,619,0.056,4138,459,0.111,475,0.115,1341,0.324,1863,0.45,10780,9289,0.862,1207,0.112,181,0.017,103,0.01,NA,NA,NA,NA,2550,100.5,3.9,80,3.1,6,0.2,4.5,0.2,1.5,0.1,1,0,11.5,0.5,8,0.3,241,9.5,6,0.2,313,12.3
Hamilton,Springfield Township,Springfield Township,35673,17191,0.482,15572,0.437,872,0.024,33698,1424,0.042,191,0.006,0.279,9590,1149,0.12,14333,1961,0.137,71090,1524,0.043,25206,23767,0.943,652,0.044,1975,0.055,1896,0.053,2982,0.084,2175,0.061,1439,0.04,2081,0.058,1900,0.053,2241,0.063,1854,0.052,1950,0.055,2416,0.068,2790,0.078,2736,0.077,2312,0.065,1947,0.055,1101,0.031,1082,0.03,796,0.022,14333,1993,0.139,1805,0.126,5157,0.36,5378,0.375,34951,31780,0.909,2344,0.067,827,0.024,0,0,NA,NA,NA,NA,8516,376,4.4,292,3.4,29,0.3,26,0.3,9,0.1,5.5,0.1,27.5,0.3,40,0.5,1175,13.8,34,0.4,1317,15.5
Hamilton,St. Bernard,St. Bernard,4026,3473,0.863,401,0.1,132,0.033,3899,112,0.029,0,0,0.244,1050,7,0.007,1773,113,0.064,69840,116,0.029,3145,2948,0.937,340,0.161,127,0.032,173,0.043,208,0.052,188,0.047,185,0.046,288,0.072,203,0.05,264,0.066,187,0.046,427,0.106,547,0.136,357,0.089,380,0.094,150,0.037,142,0.035,54,0.013,5,0.001,141,0.035,1773,232,0.131,73,0.041,630,0.355,838,0.473,4020,3680,0.915,309,0.077,26,0.006,5,0.001,NA,NA,NA,NA,559,50.5,9,32,5.7,2,0.4,2,0.4,0.5,0.1,0.5,0.1,3.5,0.6,3,0.5,73,13.1,4,0.7,149,26.7
Hamilton,Sycamore Township,Sycamore Township,19516,15027,0.77,1501,0.077,1341,0.069,18540,2244,0.121,160,0.009,0.197,5068,151,0.03,8450,470,0.056,88466,962,0.049,14572,13880,0.953,538,0.06,976,0.05,1270,0.065,835,0.043,1183,0.061,680,0.035,1052,0.054,1369,0.07,1374,0.07,1336,0.068,874,0.045,912,0.047,1520,0.078,1591,0.082,1410,0.072,1186,0.061,744,0.038,532,0.027,672,0.034,8450,1916,0.227,231,0.027,2918,0.345,3385,0.401,19253,16752,0.87,1992,0.103,333,0.017,176,0.009,NA,NA,NA,NA,3876,161,4.2,111.5,2.9,5,0.1,5,0.1,2,0.1,2,0.1,12,0.3,18.5,0.5,280,7.2,5,0.1,125,3.2
Hamilton,Symmes Township,Symmes Township,15579,11911,0.765,410,0.026,764,0.049,14630,2205,0.151,181,0.012,0.156,4207,53,0.013,5582,210,0.038,136996,411,0.026,10240,10027,0.979,263,0.045,949,0.061,1601,0.103,1311,0.084,955,0.061,523,0.034,576,0.037,920,0.059,1289,0.083,1155,0.074,895,0.057,941,0.06,845,0.054,1069,0.069,1267,0.081,551,0.035,388,0.025,211,0.014,133,0.009,5582,1980,0.355,137,0.025,2076,0.372,1389,0.249,15435,13169,0.853,1300,0.084,699,0.045,267,0.017,NA,NA,NA,NA,4598,130.5,2.8,93.5,2,3.5,0.1,2,0,1,0,1,0,21,0.5,15,0.3,230,5,2,0,72,1.6
Hamilton,Terrace Park,Terrace Park,2150,2056,0.956,0,0,60,0.028,1894,60,0.032,0,0,0.114,575,5,0.009,690,7,0.01,198000,65,0.03,1266,1262,0.997,47,0.064,256,0.119,224,0.104,215,0.1,171,0.08,18,0.008,8,0.004,139,0.065,143,0.067,229,0.107,124,0.058,114,0.053,115,0.053,140,0.065,101,0.047,67,0.031,53,0.025,22,0.01,11,0.005,690,334,0.484,16,0.023,223,0.323,117,0.17,2112,1955,0.926,143,0.068,10,0.005,4,0.002,NA,NA,NA,NA,809,20.5,2.5,17,2.1,0,0,0,0,0,0,0,0,0.5,0.1,0.5,0.1,29,3.6,4,0.5,0,0
Hamilton,Whitewater Township,Whitewater Township,6311,6040,0.957,76,0.012,58,0.009,5681,5,0.001,0,0,0.338,1563,245,0.157,2597,332,0.128,54766,512,0.081,4268,3773,0.884,200,0.072,630,0.1,395,0.063,342,0.054,327,0.052,349,0.055,441,0.07,366,0.058,329,0.052,381,0.06,338,0.054,393,0.062,484,0.077,277,0.044,574,0.091,233,0.037,202,0.032,215,0.034,35,0.006,2597,509,0.196,179,0.069,784,0.302,1125,0.433,6190,5395,0.872,762,0.123,33,0.005,0,0,NA,NA,NA,NA,1624,73.5,4.5,53,3.3,0,0,0,0,2,0.1,1.5,0.1,16.5,1,12,0.7,126,7.8,9,0.6,52,3.2
Hamilton,Woodlawn,Woodlawn,3862,1237,0.32,2257,0.584,113,0.029,3802,186,0.049,8,0.002,0.3,813,176,0.216,1758,286,0.163,59977,97,0.025,2614,2382,0.911,74,0.04,60,0.016,192,0.05,291,0.075,301,0.078,404,0.105,263,0.068,135,0.035,341,0.088,297,0.077,233,0.06,280,0.073,214,0.055,175,0.045,186,0.048,191,0.049,163,0.042,69,0.018,67,0.017,1758,164,0.093,241,0.137,428,0.243,925,0.526,3848,3410,0.886,183,0.048,246,0.064,9,0.002,NA,NA,NA,NA,663,31,4.7,20,3,2,0.3,2,0.3,0,0,0,0,5,0.8,4,0.6,98,14.8,2,0.3,113,17
Hamilton,Wyoming,Wyoming,8720,6711,0.77,1190,0.136,124,0.014,7817,149,0.019,0,0,0.148,2520,13,0.005,3074,133,0.043,137917,110,0.013,5584,5523,0.989,50,0.016,903,0.104,532,0.061,787,0.09,745,0.085,169,0.019,293,0.034,367,0.042,892,0.102,624,0.072,513,0.059,574,0.066,562,0.064,666,0.076,431,0.049,297,0.034,198,0.023,38,0.004,129,0.015,3074,1126,0.366,231,0.075,982,0.319,735,0.239,8628,7726,0.895,612,0.071,290,0.034,0,0,NA,NA,NA,NA,2832,91.5,3.2,68,2.4,5,0.2,5,0.2,0.5,0,0.5,0,12.5,0.4,8.5,0.3,173,6.1,4,0.1,36,1.3
Kenton,Covington,Covington,113950,97509,0.856,6535,0.057,5399,0.047,106424,6296,0.059,1270,0.012,0.279,27238,2619,0.096,47824,4042,0.085,69177,6330,0.056,78434,71383,0.91,4545,0.087,7526,0.066,7443,0.065,6537,0.057,6630,0.058,7380,0.065,8757,0.077,8697,0.076,8487,0.074,6034,0.053,5835,0.051,7106,0.062,7411,0.065,8040,0.071,6531,0.057,4469,0.039,2794,0.025,2085,0.018,2188,0.019,47824,8318,0.174,3072,0.064,14929,0.312,21505,0.45,112630,95487,0.848,13989,0.124,2656,0.024,498,0.004,NA,NA,NA,NA,25609,985,3.8,735.5,2.9,42,0.2,35,0.1,8.5,0,8.5,0,0,0,61,0.2,1255,4.9,56,0.2,153,0.6
Kenton,Independence,Independence,47508,44449,0.936,867,0.018,649,0.014,44656,1800,0.04,510,0.011,0.208,12700,553,0.044,16677,1078,0.065,94409,1543,0.032,31758,29993,0.944,469,0.027,2852,0.06,3380,0.071,3664,0.077,3311,0.07,2543,0.054,3317,0.07,3279,0.069,3208,0.068,3838,0.081,3626,0.076,2973,0.063,2789,0.059,2789,0.059,2352,0.05,1545,0.033,1108,0.023,671,0.014,263,0.006,16677,4999,0.3,669,0.04,6616,0.397,4393,0.263,47053,42153,0.896,3400,0.072,1357,0.029,143,0.003,NA,NA,NA,NA,12222,507,4.1,348.5,2.9,11.5,0.1,10.5,0.1,7,0.1,5,0,0,0,35.5,0.3,633,5.2,34,0.3,20,0.2
Kenton,Piner-Visalia,Piner-Visalia,7608,7469,0.982,0,0,46,0.006,7228,72,0.01,8,0.001,0.235,2189,149,0.068,2852,169,0.059,80038,239,0.031,5338,4856,0.91,197,0.065,380,0.05,520,0.068,618,0.081,458,0.06,294,0.039,326,0.043,505,0.066,385,0.051,542,0.071,268,0.035,591,0.078,719,0.095,633,0.083,492,0.065,366,0.048,201,0.026,187,0.025,123,0.016,2852,682,0.239,122,0.043,1183,0.415,865,0.303,7529,7106,0.944,365,0.048,51,0.007,7,0.001,NA,NA,NA,NA,1790,65.5,3.7,53,3,1.5,0.1,1.5,0.1,1.5,0.1,1.5,0.1,8,0.4,6.5,0.4,95,5.3,8,0.4,3,0.2
Warren,Clear Creek Township,Clear Creek Township,36293,32971,0.908,667,0.018,795,0.022,33932,1201,0.035,144,0.004,0.143,10770,290,0.027,12736,242,0.019,121993,1167,0.032,23960,23265,0.971,436,0.033,2361,0.065,2690,0.074,2662,0.073,2774,0.076,1846,0.051,928,0.026,1907,0.053,2561,0.071,2628,0.072,2568,0.071,2979,0.082,2187,0.06,2263,0.062,2267,0.062,1856,0.051,1017,0.028,390,0.011,409,0.011,12736,4106,0.322,655,0.051,5873,0.461,2102,0.165,35891,33452,0.932,793,0.022,1407,0.039,239,0.007,NA,NA,NA,NA,9601,112,1.2,74,0.8,0,0,0,0,0,0,0,0,15,0.2,9,0.1,224,2.3,15,0.2,9,0.1
Warren,Deerfield Township,Deerfield Township,40873,29187,0.714,1223,0.03,1772,0.043,38614,8799,0.228,640,0.017,0.147,11498,354,0.031,15916,542,0.034,117853,1149,0.028,27853,27174,0.976,762,0.046,2259,0.055,2742,0.067,3156,0.077,2967,0.073,1896,0.046,2482,0.061,2940,0.072,2924,0.072,2909,0.071,3081,0.075,3117,0.076,2959,0.072,2137,0.052,1942,0.048,1567,0.038,784,0.019,612,0.015,399,0.01,15916,5001,0.314,677,0.043,6130,0.385,4108,0.258,40509,35254,0.87,3014,0.074,1960,0.048,281,0.007,NA,NA,NA,NA,9952,312.5,3.1,221.5,2.2,8,0.1,8,0.1,7,0.1,5.5,0.1,35,0.4,26,0.3,525,5.3,33,0.3,115,1.2
Warren,Franklin Township,Franklin Township,31777,29164,0.918,297,0.009,814,0.026,30347,1307,0.043,115,0.004,0.276,8609,673,0.078,12573,1307,0.104,69662,1653,0.052,21339,18998,0.89,766,0.057,1430,0.045,1900,0.06,1786,0.056,2471,0.078,2851,0.09,2132,0.067,1667,0.052,1926,0.061,1464,0.046,2376,0.075,2234,0.07,1982,0.062,2221,0.07,1578,0.05,1444,0.045,983,0.031,606,0.019,726,0.023,12573,2642,0.21,556,0.044,4931,0.392,4444,0.353,31500,27269,0.866,2394,0.076,1687,0.054,150,0.005,NA,NA,NA,NA,6488,121.5,1.9,93,1.4,3,0,3,0,1,0,1,0,23,0.4,17,0.3,402,6.2,21,0.3,30,0.5
Warren,Hamilton Township,Hamilton Township,30657,28829,0.94,415,0.014,1070,0.035,28717,1317,0.046,70,0.002,0.152,8837,121,0.014,10594,546,0.052,115842,876,0.029,20467,19949,0.975,551,0.049,1940,0.063,1918,0.063,2623,0.086,1621,0.053,2088,0.068,1613,0.053,1770,0.058,2797,0.091,2087,0.068,1652,0.054,1774,0.058,1968,0.064,2509,0.082,1585,0.052,1147,0.037,889,0.029,399,0.013,277,0.009,10594,3391,0.32,391,0.037,4344,0.41,2468,0.233,30285,27048,0.893,2430,0.08,773,0.026,34,0.001,NA,NA,NA,NA,7765,326.5,4.2,235,3,6,0.1,6,0.1,2,0,2,0,33,0.4,44,0.6,415,5.3,19,0.2,54,0.7
Warren,Harlan Township,Harlan Township,4988,4816,0.966,10,0.002,19,0.004,4741,146,0.031,0,0,0.187,1475,69,0.047,1807,23,0.013,104932,193,0.039,3330,3107,0.933,116,0.06,247,0.05,414,0.083,426,0.085,341,0.068,230,0.046,158,0.032,272,0.055,196,0.039,368,0.074,240,0.048,411,0.082,406,0.081,468,0.094,229,0.046,253,0.051,131,0.026,111,0.022,87,0.017,1807,557,0.308,57,0.032,832,0.46,361,0.2,4860,4298,0.884,520,0.107,42,0.009,0,0,NA,NA,NA,NA,1304,46.5,3.6,30.5,2.3,1,0.1,1,0.1,0,0,0,0,11.5,0.9,4.5,0.3,58,4.4,5,0.4,0,0
Warren,Lebanon,Lebanon,20999,19622,0.934,463,0.022,648,0.031,19564,699,0.036,279,0.014,0.226,5598,296,0.053,8054,696,0.086,75665,1030,0.049,13987,13311,0.952,524,0.061,1435,0.068,1589,0.076,1632,0.078,1478,0.07,878,0.042,1470,0.07,1106,0.053,1562,0.074,1304,0.062,1197,0.057,1420,0.068,1107,0.053,1477,0.07,950,0.045,857,0.041,429,0.02,482,0.023,626,0.03,8054,1960,0.243,621,0.077,2966,0.368,2507,0.311,20814,18217,0.875,1608,0.077,863,0.041,126,0.006,NA,NA,NA,NA,5483,231,4.2,158,2.9,4,0.1,3.5,0.1,0.5,0,0.5,0,43,0.8,28.5,0.5,352,6.4,14,0.3,35,0.6
Warren,Mason,Mason,34768,26232,0.754,1765,0.051,1158,0.033,33131,6500,0.196,499,0.015,0.152,9782,363,0.037,12670,256,0.02,121082,741,0.021,23405,22822,0.975,354,0.027,1637,0.047,2206,0.063,3108,0.089,2836,0.082,1576,0.045,1274,0.037,1554,0.045,2431,0.07,2921,0.084,2701,0.078,2536,0.073,2526,0.073,2697,0.078,1028,0.03,1098,0.032,1206,0.035,726,0.021,707,0.02,12670,4026,0.318,680,0.054,4862,0.384,3102,0.245,34340,29695,0.865,2680,0.078,1675,0.049,290,0.008,NA,NA,NA,NA,8951,287.5,3.2,203,2.3,11,0.1,9.5,0.1,1.5,0,1.5,0,19.5,0.2,29.5,0.3,505,5.6,28,0.3,157,1.8
Warren,Massie Township,Massie Township,1291,1134,0.878,11,0.009,29,0.022,1261,39,0.031,5,0.004,0.184,343,2,0.006,514,12,0.023,76827,108,0.084,863,831,0.963,104,0.168,30,0.023,150,0.116,127,0.098,78,0.06,43,0.033,58,0.045,93,0.072,112,0.087,104,0.081,87,0.067,66,0.051,55,0.043,93,0.072,65,0.05,65,0.05,50,0.039,14,0.011,1,0.001,514,112,0.218,68,0.132,180,0.35,154,0.3,1291,1225,0.949,47,0.036,19,0.015,0,0,NA,NA,NA,NA,368,2.5,0.7,2.5,0.7,0,0,0,0,0,0,0,0,0.5,0.1,0.5,0.1,10,2.7,0,0,0,0
Warren,Salem Township,Salem Township,5237,4722,0.902,188,0.036,308,0.059,4934,241,0.049,3,0.001,0.257,1453,103,0.071,2009,183,0.091,88438,372,0.071,3645,3357,0.921,215,0.097,303,0.058,400,0.076,349,0.067,260,0.05,280,0.053,286,0.055,202,0.039,335,0.064,344,0.066,323,0.062,277,0.053,406,0.078,519,0.099,374,0.071,386,0.074,52,0.01,89,0.017,52,0.01,2009,405,0.202,112,0.056,845,0.421,647,0.322,5196,4404,0.848,618,0.119,166,0.032,8,0.002,NA,NA,NA,NA,1209,44.5,3.7,35,2.9,1.5,0.1,1.5,0.1,0,0,0,0,8,0.7,6.5,0.5,80,6.6,8,0.7,3,0.2
Warren,Turtlecreek Township,Turtlecreek Township,17574,13434,0.764,3163,0.18,263,0.015,16623,521,0.031,22,0.001,0.197,3398,93,0.027,4577,130,0.028,112484,829,0.047,13027,11402,0.875,469,0.093,951,0.054,593,0.034,925,0.053,952,0.054,1126,0.064,1652,0.094,1989,0.113,1483,0.084,1257,0.072,1593,0.091,1024,0.058,873,0.05,890,0.051,625,0.036,606,0.034,438,0.025,209,0.012,388,0.022,4577,1376,0.301,116,0.025,1890,0.413,1195,0.261,17462,14334,0.821,955,0.055,2154,0.123,19,0.001,NA,NA,NA,NA,3076,96,3.1,69,2.2,1.5,0,1.5,0,0,0,0,0,19.5,0.6,13,0.4,165,5.4,7,0.2,36,1.2
Warren,Union Township,Union Township,6098,5054,0.829,271,0.044,157,0.026,5850,290,0.05,59,0.01,0.196,1555,92,0.059,2287,168,0.073,77188,323,0.053,3989,3629,0.91,233,0.092,248,0.041,327,0.054,623,0.102,583,0.096,328,0.054,417,0.068,338,0.055,135,0.022,521,0.085,505,0.083,497,0.082,348,0.057,375,0.061,245,0.04,419,0.069,115,0.019,15,0.002,59,0.01,2287,660,0.289,183,0.08,787,0.344,657,0.287,6026,5355,0.889,428,0.071,243,0.04,0,0,NA,NA,NA,NA,1662,67,4,47.5,2.9,4,0.2,2.5,0.1,0,0,0,0,16.5,1,8.5,0.5,91,5.5,5,0.3,12,0.7
Warren,Washington Township,Washington Township,2802,2539,0.906,0,0,222,0.079,2658,163,0.061,0,0,0.184,919,11,0.012,1236,13,0.011,107500,116,0.041,2092,2024,0.967,56,0.043,144,0.051,88,0.031,111,0.04,150,0.054,217,0.077,225,0.08,188,0.067,65,0.023,168,0.06,198,0.071,207,0.074,317,0.113,231,0.082,252,0.09,150,0.054,46,0.016,43,0.015,2,0.001,1236,243,0.197,18,0.015,633,0.512,342,0.277,2790,2718,0.974,72,0.026,0,0,0,0,NA,NA,NA,NA,457,36.5,8,20.5,4.5,0.5,0.1,0.5,0.1,0,0,0,0,8,1.8,3,0.7,33,7.2,0,0,2,0.4
Warren,Wayne Township,Wayne Township,8755,8401,0.96,11,0.001,342,0.039,8365,117,0.014,0,0,0.208,2487,137,0.055,3436,105,0.031,79091,155,0.018,6223,5801,0.932,199,0.055,390,0.045,516,0.059,461,0.053,780,0.089,385,0.044,423,0.048,473,0.054,519,0.059,380,0.043,642,0.073,760,0.087,835,0.095,635,0.073,805,0.092,305,0.035,205,0.023,67,0.008,174,0.02,3436,816,0.237,59,0.017,1455,0.423,1106,0.322,8703,7287,0.837,582,0.067,834,0.096,0,0,NA,NA,NA,NA,1800,20,1.1,13,0.7,0,0,0,0,0,0,0,0,4.5,0.2,2.5,0.1,51,2.8,4,0.2,3,0.2
